,ret
2020-01-01 00:00:00+00:00,0.0
2020-01-02 00:00:00+00:00,0.0
2020-01-03 00:00:00+00:00,0.0
2020-01-04 00:00:00+00:00,0.0
2020-01-05 00:00:00+00:00,0.0
2020-01-06 00:00:00+00:00,0.0
2020-01-07 00:00:00+00:00,0.0
2020-01-08 00:00:00+00:00,0.0
2020-01-09 00:00:00+00:00,0.0
2020-01-10 00:00:00+00:00,0.0
2020-01-11 00:00:00+00:00,0.0
2020-01-12 00:00:00+00:00,0.0
2020-01-13 00:00:00+00:00,0.0
2020-01-14 00:00:00+00:00,0.0
2020-01-15 00:00:00+00:00,0.0
2020-01-16 00:00:00+00:00,0.0
2020-01-17 00:00:00+00:00,0.0
2020-01-18 00:00:00+00:00,0.0
2020-01-19 00:00:00+00:00,0.0
2020-01-20 00:00:00+00:00,0.0
2020-01-21 00:00:00+00:00,0.0
2020-01-22 00:00:00+00:00,0.0
2020-01-23 00:00:00+00:00,0.0
2020-01-24 00:00:00+00:00,0.0
2020-01-25 00:00:00+00:00,0.0
2020-01-26 00:00:00+00:00,0.0
2020-01-27 00:00:00+00:00,0.0
2020-01-28 00:00:00+00:00,0.0
2020-01-29 00:00:00+00:00,0.0
2020-01-30 00:00:00+00:00,0.0
2020-01-31 00:00:00+00:00,0.0
2020-02-01 00:00:00+00:00,9.854999999999998e-05
2020-02-02 00:00:00+00:00,0.000643515
2020-02-03 00:00:00+00:00,0.000532695
2020-02-04 00:00:00+00:00,0.00095962
2020-02-05 00:00:00+00:00,0.000363155
2020-02-06 00:00:00+00:00,0.00148994
2020-02-07 00:00:00+00:00,0.0004498
2020-02-08 00:00:00+00:00,0.00101044
2020-02-09 00:00:00+00:00,0.001191355
2020-02-10 00:00:00+00:00,0.001648365
2020-02-11 00:00:00+00:00,0.00079453
2020-02-12 00:00:00+00:00,0.0025596950000000003
2020-02-13 00:00:00+00:00,0.00124185
2020-02-14 00:00:00+00:00,0.000968625
2020-02-15 00:00:00+00:00,0.00121671
2020-02-16 00:00:00+00:00,0.00074511
2020-02-17 00:00:00+00:00,0.000976075
2020-02-18 00:00:00+00:00,0.00035290500000000004
2020-02-19 00:00:00+00:00,0.0006282
2020-02-20 00:00:00+00:00,0.00015000000000000001
2020-02-21 00:00:00+00:00,0.00015000000000000001
2020-02-22 00:00:00+00:00,0.000161215
2020-02-23 00:00:00+00:00,0.0006699049999999999
2020-02-24 00:00:00+00:00,0.00036680500000000005
2020-02-25 00:00:00+00:00,0.000533505
2020-02-26 00:00:00+00:00,0.0006273
2020-02-27 00:00:00+00:00,0.000186815
2020-02-28 00:00:00+00:00,0.000226315
2020-02-29 00:00:00+00:00,0.000920235
2020-03-01 00:00:00+00:00,0.000541415
2020-03-02 00:00:00+00:00,0.0001936
2020-03-03 00:00:00+00:00,0.00015000000000000001
2020-03-04 00:00:00+00:00,0.00022164
2020-03-05 00:00:00+00:00,0.00026501
2020-03-06 00:00:00+00:00,0.00038919
2020-03-07 00:00:00+00:00,0.00052138
2020-03-08 00:00:00+00:00,0.000736765
2020-03-09 00:00:00+00:00,0.00015000000000000001
2020-03-10 00:00:00+00:00,0.00015000000000000001
2020-03-11 00:00:00+00:00,0.00021449000000000001
2020-03-12 00:00:00+00:00,2.7115e-05
2020-03-13 00:00:00+00:00,-0.001907255
2020-03-14 00:00:00+00:00,-0.00065846
2020-03-15 00:00:00+00:00,-0.000754455
2020-03-16 00:00:00+00:00,-0.000777565
2020-03-17 00:00:00+00:00,-0.00019042
2020-03-18 00:00:00+00:00,-0.00041804
2020-03-19 00:00:00+00:00,-0.000320675
2020-03-20 00:00:00+00:00,-3.32e-05
2020-03-21 00:00:00+00:00,-2.072500000000001e-05
2020-03-22 00:00:00+00:00,3.6910000000000004e-05
2020-03-23 00:00:00+00:00,-0.00011545500000000001
2020-03-24 00:00:00+00:00,0.00015000000000000001
2020-03-25 00:00:00+00:00,0.000148855
2020-03-26 00:00:00+00:00,4.9895e-05
2020-03-27 00:00:00+00:00,6.604500000000001e-05
2020-03-28 00:00:00+00:00,-0.00037558
2020-03-29 00:00:00+00:00,-0.00039007500000000004
2020-03-30 00:00:00+00:00,-0.000525545
2020-03-31 00:00:00+00:00,-0.00018428
2020-04-01 00:00:00+00:00,-0.0008500000000000001
2020-04-02 00:00:00+00:00,0.0
2020-04-03 00:00:00+00:00,0.0
2020-04-04 00:00:00+00:00,0.0
2020-04-05 00:00:00+00:00,0.0
2020-04-06 00:00:00+00:00,0.0
2020-04-07 00:00:00+00:00,0.0
2020-04-08 00:00:00+00:00,0.0
2020-04-09 00:00:00+00:00,0.0
2020-04-10 00:00:00+00:00,0.0
2020-04-11 00:00:00+00:00,0.0
2020-04-12 00:00:00+00:00,0.0
2020-04-13 00:00:00+00:00,0.0
2020-04-14 00:00:00+00:00,0.0
2020-04-15 00:00:00+00:00,0.0
2020-04-16 00:00:00+00:00,0.0
2020-04-17 00:00:00+00:00,0.0
2020-04-18 00:00:00+00:00,0.0
2020-04-19 00:00:00+00:00,0.0
2020-04-20 00:00:00+00:00,0.0
2020-04-21 00:00:00+00:00,0.0
2020-04-22 00:00:00+00:00,0.0
2020-04-23 00:00:00+00:00,0.0
2020-04-24 00:00:00+00:00,0.0
2020-04-25 00:00:00+00:00,0.0
2020-04-26 00:00:00+00:00,0.0
2020-04-27 00:00:00+00:00,0.0
2020-04-28 00:00:00+00:00,0.0
2020-04-29 00:00:00+00:00,0.0
2020-04-30 00:00:00+00:00,0.0
2020-05-01 00:00:00+00:00,0.0
2020-05-02 00:00:00+00:00,0.0
2020-05-03 00:00:00+00:00,0.0
2020-05-04 00:00:00+00:00,0.0
2020-05-05 00:00:00+00:00,0.0
2020-05-06 00:00:00+00:00,0.0
2020-05-07 00:00:00+00:00,0.0
2020-05-08 00:00:00+00:00,0.0
2020-05-09 00:00:00+00:00,0.0
2020-05-10 00:00:00+00:00,0.0
2020-05-11 00:00:00+00:00,0.0
2020-05-12 00:00:00+00:00,0.0
2020-05-13 00:00:00+00:00,0.0
2020-05-14 00:00:00+00:00,0.0
2020-05-15 00:00:00+00:00,0.0
2020-05-16 00:00:00+00:00,0.0
2020-05-17 00:00:00+00:00,0.0
2020-05-18 00:00:00+00:00,0.0
2020-05-19 00:00:00+00:00,0.0
2020-05-20 00:00:00+00:00,0.0
2020-05-21 00:00:00+00:00,0.0
2020-05-22 00:00:00+00:00,0.0
2020-05-23 00:00:00+00:00,0.0
2020-05-24 00:00:00+00:00,0.0
2020-05-25 00:00:00+00:00,0.0
2020-05-26 00:00:00+00:00,0.0
2020-05-27 00:00:00+00:00,0.0
2020-05-28 00:00:00+00:00,0.0
2020-05-29 00:00:00+00:00,0.0
2020-05-30 00:00:00+00:00,0.0
2020-05-31 00:00:00+00:00,0.0
2020-06-01 00:00:00+00:00,-0.0008098650000000001
2020-06-02 00:00:00+00:00,0.00061395
2020-06-03 00:00:00+00:00,0.00014323
2020-06-04 00:00:00+00:00,0.00015000000000000001
2020-06-05 00:00:00+00:00,0.00015000000000000001
2020-06-06 00:00:00+00:00,0.00015000000000000001
2020-06-07 00:00:00+00:00,0.00015000000000000001
2020-06-08 00:00:00+00:00,0.00015000000000000001
2020-06-09 00:00:00+00:00,0.00015000000000000001
2020-06-10 00:00:00+00:00,0.00015000000000000001
2020-06-11 00:00:00+00:00,0.00015000000000000001
2020-06-12 00:00:00+00:00,7.949e-05
2020-06-13 00:00:00+00:00,7.6375e-05
2020-06-14 00:00:00+00:00,0.00013551
2020-06-15 00:00:00+00:00,-6.180999999999999e-05
2020-06-16 00:00:00+00:00,2.3925e-05
2020-06-17 00:00:00+00:00,3.4769999999999994e-05
2020-06-18 00:00:00+00:00,-6.985000000000002e-05
2020-06-19 00:00:00+00:00,5.8915e-05
2020-06-20 00:00:00+00:00,0.00010593000000000001
2020-06-21 00:00:00+00:00,2.8265e-05
2020-06-22 00:00:00+00:00,0.00013392
2020-06-23 00:00:00+00:00,0.000161075
2020-06-24 00:00:00+00:00,0.00015643
2020-06-25 00:00:00+00:00,0.00015000000000000001
2020-06-26 00:00:00+00:00,0.000147005
2020-06-27 00:00:00+00:00,0.00015000000000000001
2020-06-28 00:00:00+00:00,0.000124335
2020-06-29 00:00:00+00:00,0.00015000000000000001
2020-06-30 00:00:00+00:00,0.00015000000000000001
2020-07-01 00:00:00+00:00,0.00015000000000000001
2020-07-02 00:00:00+00:00,0.00015000000000000001
2020-07-03 00:00:00+00:00,0.00015000000000000001
2020-07-04 00:00:00+00:00,0.00015000000000000001
2020-07-05 00:00:00+00:00,0.00015000000000000001
2020-07-06 00:00:00+00:00,0.00015000000000000001
2020-07-07 00:00:00+00:00,0.00015000000000000001
2020-07-08 00:00:00+00:00,0.00015000000000000001
2020-07-09 00:00:00+00:00,0.00015000000000000001
2020-07-10 00:00:00+00:00,0.00015000000000000001
2020-07-11 00:00:00+00:00,0.00015000000000000001
2020-07-12 00:00:00+00:00,0.00015000000000000001
2020-07-13 00:00:00+00:00,0.00015000000000000001
2020-07-14 00:00:00+00:00,0.00015000000000000001
2020-07-15 00:00:00+00:00,0.00015000000000000001
2020-07-16 00:00:00+00:00,0.00015000000000000001
2020-07-17 00:00:00+00:00,0.00015000000000000001
2020-07-18 00:00:00+00:00,0.00015000000000000001
2020-07-19 00:00:00+00:00,0.00015000000000000001
2020-07-20 00:00:00+00:00,0.00015000000000000001
2020-07-21 00:00:00+00:00,0.00015000000000000001
2020-07-22 00:00:00+00:00,0.00015000000000000001
2020-07-23 00:00:00+00:00,0.00015000000000000001
2020-07-24 00:00:00+00:00,0.00015000000000000001
2020-07-25 00:00:00+00:00,0.00015000000000000001
2020-07-26 00:00:00+00:00,0.000427185
2020-07-27 00:00:00+00:00,0.000930095
2020-07-28 00:00:00+00:00,0.0017955599999999999
2020-07-29 00:00:00+00:00,0.001068425
2020-07-30 00:00:00+00:00,0.00101631
2020-07-31 00:00:00+00:00,0.0007985900000000001
2020-08-01 00:00:00+00:00,0.000538455
2020-08-02 00:00:00+00:00,0.000813745
2020-08-03 00:00:00+00:00,0.00057755
2020-08-04 00:00:00+00:00,0.0005018850000000001
2020-08-05 00:00:00+00:00,0.00026277500000000003
2020-08-06 00:00:00+00:00,0.00056831
2020-08-07 00:00:00+00:00,0.00038421
2020-08-08 00:00:00+00:00,0.00015000000000000001
2020-08-09 00:00:00+00:00,0.0002282
2020-08-10 00:00:00+00:00,0.00086058
2020-08-11 00:00:00+00:00,0.00047962
2020-08-12 00:00:00+00:00,0.00015000000000000001
2020-08-13 00:00:00+00:00,0.00015000000000000001
2020-08-14 00:00:00+00:00,0.000445345
2020-08-15 00:00:00+00:00,0.00034277
2020-08-16 00:00:00+00:00,0.000479705
2020-08-17 00:00:00+00:00,0.00075954
2020-08-18 00:00:00+00:00,0.0014913349999999999
2020-08-19 00:00:00+00:00,0.00078134
2020-08-20 00:00:00+00:00,0.0002703
2020-08-21 00:00:00+00:00,0.00015000000000000001
2020-08-22 00:00:00+00:00,0.00015000000000000001
2020-08-23 00:00:00+00:00,0.00015000000000000001
2020-08-24 00:00:00+00:00,0.00015000000000000001
2020-08-25 00:00:00+00:00,0.0003129
2020-08-26 00:00:00+00:00,0.00023177
2020-08-27 00:00:00+00:00,0.00015000000000000001
2020-08-28 00:00:00+00:00,0.00015000000000000001
2020-08-29 00:00:00+00:00,0.00015000000000000001
2020-08-30 00:00:00+00:00,0.00015000000000000001
2020-08-31 00:00:00+00:00,0.000177305
2020-09-01 00:00:00+00:00,0.00039910499999999997
2020-09-02 00:00:00+00:00,0.000565035
2020-09-03 00:00:00+00:00,0.000314655
2020-09-04 00:00:00+00:00,0.00015000000000000001
2020-09-05 00:00:00+00:00,0.00015000000000000001
2020-09-06 00:00:00+00:00,0.00015000000000000001
2020-09-07 00:00:00+00:00,0.00015000000000000001
2020-09-08 00:00:00+00:00,0.00015000000000000001
2020-09-09 00:00:00+00:00,0.00015000000000000001
2020-09-10 00:00:00+00:00,0.00015000000000000001
2020-09-11 00:00:00+00:00,0.00015000000000000001
2020-09-12 00:00:00+00:00,0.00015000000000000001
2020-09-13 00:00:00+00:00,0.00015000000000000001
2020-09-14 00:00:00+00:00,0.00010434000000000001
2020-09-15 00:00:00+00:00,-0.00015110999999999998
2020-09-16 00:00:00+00:00,-7.9335e-05
2020-09-17 00:00:00+00:00,1.246e-05
2020-09-18 00:00:00+00:00,9.9855e-05
2020-09-19 00:00:00+00:00,-0.000141395
2020-09-20 00:00:00+00:00,-0.000121495
2020-09-21 00:00:00+00:00,-4.7885e-05
2020-09-22 00:00:00+00:00,0.00015000000000000001
2020-09-23 00:00:00+00:00,-1.8945e-05
2020-09-24 00:00:00+00:00,5.995000000000001e-05
2020-09-25 00:00:00+00:00,-5.3385e-05
2020-09-26 00:00:00+00:00,0.00015000000000000001
2020-09-27 00:00:00+00:00,0.00015000000000000001
2020-09-28 00:00:00+00:00,0.00015000000000000001
2020-09-29 00:00:00+00:00,0.00015000000000000001
2020-09-30 00:00:00+00:00,0.00015000000000000001
2020-10-01 00:00:00+00:00,0.00013706
2020-10-02 00:00:00+00:00,4.0425e-05
2020-10-03 00:00:00+00:00,0.000148745
2020-10-04 00:00:00+00:00,1.0694999999999998e-05
2020-10-05 00:00:00+00:00,-9.717999999999999e-05
2020-10-06 00:00:00+00:00,-7.510000000000001e-06
2020-10-07 00:00:00+00:00,6.03e-06
2020-10-08 00:00:00+00:00,7.3985e-05
2020-10-09 00:00:00+00:00,0.00013064
2020-10-10 00:00:00+00:00,0.00015000000000000001
2020-10-11 00:00:00+00:00,0.00015000000000000001
2020-10-12 00:00:00+00:00,0.00015000000000000001
2020-10-13 00:00:00+00:00,0.00015000000000000001
2020-10-14 00:00:00+00:00,0.00015000000000000001
2020-10-15 00:00:00+00:00,0.00015000000000000001
2020-10-16 00:00:00+00:00,0.00015000000000000001
2020-10-17 00:00:00+00:00,0.00015000000000000001
2020-10-18 00:00:00+00:00,0.00015000000000000001
2020-10-19 00:00:00+00:00,0.00015000000000000001
2020-10-20 00:00:00+00:00,0.00011871000000000001
2020-10-21 00:00:00+00:00,9.889e-05
2020-10-22 00:00:00+00:00,0.00015000000000000001
2020-10-23 00:00:00+00:00,0.00015000000000000001
2020-10-24 00:00:00+00:00,0.00015000000000000001
2020-10-25 00:00:00+00:00,0.00015000000000000001
2020-10-26 00:00:00+00:00,0.00015000000000000001
2020-10-27 00:00:00+00:00,0.000127005
2020-10-28 00:00:00+00:00,0.000118625
2020-10-29 00:00:00+00:00,-0.000186235
2020-10-30 00:00:00+00:00,-0.00014825
2020-10-31 00:00:00+00:00,-0.00016177500000000002
2020-11-01 00:00:00+00:00,-7.7625e-05
2020-11-02 00:00:00+00:00,6.6615e-05
2020-11-03 00:00:00+00:00,-0.00013056
2020-11-04 00:00:00+00:00,-0.000171275
2020-11-05 00:00:00+00:00,0.00015000000000000001
2020-11-06 00:00:00+00:00,0.000338025
2020-11-07 00:00:00+00:00,0.00049376
2020-11-08 00:00:00+00:00,0.00015000000000000001
2020-11-09 00:00:00+00:00,0.00015000000000000001
2020-11-10 00:00:00+00:00,0.00015000000000000001
2020-11-11 00:00:00+00:00,0.00015000000000000001
2020-11-12 00:00:00+00:00,0.00015000000000000001
2020-11-13 00:00:00+00:00,0.00015000000000000001
2020-11-14 00:00:00+00:00,0.000121385
2020-11-15 00:00:00+00:00,0.00015000000000000001
2020-11-16 00:00:00+00:00,0.00015000000000000001
2020-11-17 00:00:00+00:00,0.00015000000000000001
2020-11-18 00:00:00+00:00,0.00050098
2020-11-19 00:00:00+00:00,0.00043610999999999997
2020-11-20 00:00:00+00:00,0.0005745699999999999
2020-11-21 00:00:00+00:00,0.00039719
2020-11-22 00:00:00+00:00,0.001169425
2020-11-23 00:00:00+00:00,0.001428745
2020-11-24 00:00:00+00:00,0.0009617149999999999
2020-11-25 00:00:00+00:00,0.00098803
2020-11-26 00:00:00+00:00,0.0003867
2020-11-27 00:00:00+00:00,0.000153865
2020-11-28 00:00:00+00:00,0.00015000000000000001
2020-11-29 00:00:00+00:00,0.00015000000000000001
2020-11-30 00:00:00+00:00,0.000247405
2020-12-01 00:00:00+00:00,0.00050381
2020-12-02 00:00:00+00:00,0.00015000000000000001
2020-12-03 00:00:00+00:00,0.00022727499999999998
2020-12-04 00:00:00+00:00,0.000163515
2020-12-05 00:00:00+00:00,0.00015000000000000001
2020-12-06 00:00:00+00:00,0.00015000000000000001
2020-12-07 00:00:00+00:00,0.00015000000000000001
2020-12-08 00:00:00+00:00,0.00015000000000000001
2020-12-09 00:00:00+00:00,0.00015000000000000001
2020-12-10 00:00:00+00:00,0.00015000000000000001
2020-12-11 00:00:00+00:00,0.00015000000000000001
2020-12-12 00:00:00+00:00,6.0895e-05
2020-12-13 00:00:00+00:00,0.00015000000000000001
2020-12-14 00:00:00+00:00,0.00015000000000000001
2020-12-15 00:00:00+00:00,0.00015000000000000001
2020-12-16 00:00:00+00:00,0.00033027
2020-12-17 00:00:00+00:00,0.000429865
2020-12-18 00:00:00+00:00,0.00063556
2020-12-19 00:00:00+00:00,0.0005928800000000001
2020-12-20 00:00:00+00:00,0.0007730500000000001
2020-12-21 00:00:00+00:00,0.00047892499999999995
2020-12-22 00:00:00+00:00,0.00019978
2020-12-23 00:00:00+00:00,0.00015762
2020-12-24 00:00:00+00:00,0.00023608
2020-12-25 00:00:00+00:00,0.000317165
2020-12-26 00:00:00+00:00,0.000184825
2020-12-27 00:00:00+00:00,0.00058286
2020-12-28 00:00:00+00:00,0.00075437
2020-12-29 00:00:00+00:00,0.000632685
2020-12-30 00:00:00+00:00,0.000943475
2020-12-31 00:00:00+00:00,0.000751905
2021-01-01 00:00:00+00:00,0.00041773
2021-01-02 00:00:00+00:00,0.00072811
2021-01-03 00:00:00+00:00,0.00196904
2021-01-04 00:00:00+00:00,0.0022837250000000003
2021-01-05 00:00:00+00:00,0.00099204
2021-01-06 00:00:00+00:00,0.00243227
2021-01-07 00:00:00+00:00,0.0017145049999999998
2021-01-08 00:00:00+00:00,0.002187265
2021-01-09 00:00:00+00:00,0.00138407
2021-01-10 00:00:00+00:00,0.00159612
2021-01-11 00:00:00+00:00,0.001107415
2021-01-12 00:00:00+00:00,0.00069663
2021-01-13 00:00:00+00:00,0.00053944
2021-01-14 00:00:00+00:00,0.001097305
2021-01-15 00:00:00+00:00,0.00119148
2021-01-16 00:00:00+00:00,0.000555345
2021-01-17 00:00:00+00:00,0.00036692500000000004
2021-01-18 00:00:00+00:00,0.00104123
2021-01-19 00:00:00+00:00,0.0018011350000000001
2021-01-20 00:00:00+00:00,0.000613135
2021-01-21 00:00:00+00:00,0.00058512
2021-01-22 00:00:00+00:00,0.00015000000000000001
2021-01-23 00:00:00+00:00,0.00016091
2021-01-24 00:00:00+00:00,0.00032878
2021-01-25 00:00:00+00:00,0.000523335
2021-01-26 00:00:00+00:00,0.00016753
2021-01-27 00:00:00+00:00,0.00015000000000000001
2021-01-28 00:00:00+00:00,0.00021131
2021-01-29 00:00:00+00:00,0.0012079600000000001
2021-01-30 00:00:00+00:00,0.00062418
2021-01-31 00:00:00+00:00,0.000726475
2021-02-01 00:00:00+00:00,0.0005917050000000001
2021-02-02 00:00:00+00:00,0.00101623
2021-02-03 00:00:00+00:00,0.001166945
2021-02-04 00:00:00+00:00,0.000826425
2021-02-05 00:00:00+00:00,0.001153135
2021-02-06 00:00:00+00:00,0.0010349
2021-02-07 00:00:00+00:00,0.001634365
2021-02-08 00:00:00+00:00,0.001830735
2021-02-09 00:00:00+00:00,0.002394285
2021-02-10 00:00:00+00:00,0.0020603
2021-02-11 00:00:00+00:00,0.00166961
2021-02-12 00:00:00+00:00,0.0017996750000000001
2021-02-13 00:00:00+00:00,0.0017877700000000002
2021-02-14 00:00:00+00:00,0.00190361
2021-02-15 00:00:00+00:00,0.00113305
2021-02-16 00:00:00+00:00,0.00182482
2021-02-17 00:00:00+00:00,0.0017230700000000002
2021-02-18 00:00:00+00:00,0.0020619699999999998
2021-02-19 00:00:00+00:00,0.00152286
2021-02-20 00:00:00+00:00,0.00197659
2021-02-21 00:00:00+00:00,0.0016259949999999999
2021-02-22 00:00:00+00:00,0.001433475
2021-02-23 00:00:00+00:00,0.00033924000000000004
2021-02-24 00:00:00+00:00,0.0004954
2021-02-25 00:00:00+00:00,0.00035003
2021-02-26 00:00:00+00:00,0.00015000000000000001
2021-02-27 00:00:00+00:00,0.00042385999999999997
2021-02-28 00:00:00+00:00,0.00028853
2021-03-01 00:00:00+00:00,0.00018460499999999999
2021-03-02 00:00:00+00:00,0.00015000000000000001
2021-03-03 00:00:00+00:00,0.00032539
2021-03-04 00:00:00+00:00,0.00015000000000000001
2021-03-05 00:00:00+00:00,0.00015000000000000001
2021-03-06 00:00:00+00:00,0.00015000000000000001
2021-03-07 00:00:00+00:00,0.00018803
2021-03-08 00:00:00+00:00,0.000223785
2021-03-09 00:00:00+00:00,0.000857165
2021-03-10 00:00:00+00:00,0.000649225
2021-03-11 00:00:00+00:00,0.0014033750000000001
2021-03-12 00:00:00+00:00,0.00110174
2021-03-13 00:00:00+00:00,0.0008275750000000001
2021-03-14 00:00:00+00:00,0.00140745
2021-03-15 00:00:00+00:00,0.00101498
2021-03-16 00:00:00+00:00,0.00049554
2021-03-17 00:00:00+00:00,0.00039588
2021-03-18 00:00:00+00:00,0.000460355
2021-03-19 00:00:00+00:00,0.000390765
2021-03-20 00:00:00+00:00,0.00071334
2021-03-21 00:00:00+00:00,0.000418705
2021-03-22 00:00:00+00:00,0.00073229
2021-03-23 00:00:00+00:00,0.00046537
2021-03-24 00:00:00+00:00,0.00048221500000000003
2021-03-25 00:00:00+00:00,0.00015914
2021-03-26 00:00:00+00:00,0.00018
2021-03-27 00:00:00+00:00,0.00015000000000000001
2021-03-28 00:00:00+00:00,0.00015000000000000001
2021-03-29 00:00:00+00:00,0.000190855
2021-03-30 00:00:00+00:00,0.000713925
2021-03-31 00:00:00+00:00,0.001050285
2021-04-01 00:00:00+00:00,0.0012822800000000002
2021-04-02 00:00:00+00:00,0.001396245
2021-04-03 00:00:00+00:00,0.0013621150000000001
2021-04-04 00:00:00+00:00,0.00063553
2021-04-05 00:00:00+00:00,0.00060045
2021-04-06 00:00:00+00:00,0.001193505
2021-04-07 00:00:00+00:00,0.0008250899999999999
2021-04-08 00:00:00+00:00,0.00045976
2021-04-09 00:00:00+00:00,0.000338485
2021-04-10 00:00:00+00:00,0.001406175
2021-04-11 00:00:00+00:00,0.0014608
2021-04-12 00:00:00+00:00,0.0014724699999999998
2021-04-13 00:00:00+00:00,0.00148335
2021-04-14 00:00:00+00:00,0.0015193049999999999
2021-04-15 00:00:00+00:00,0.001343705
2021-04-16 00:00:00+00:00,0.00172594
2021-04-17 00:00:00+00:00,0.0009824249999999999
2021-04-18 00:00:00+00:00,0.0007503599999999999
2021-04-19 00:00:00+00:00,0.00015000000000000001
2021-04-20 00:00:00+00:00,0.00015000000000000001
2021-04-21 00:00:00+00:00,0.00015000000000000001
2021-04-22 00:00:00+00:00,0.00015000000000000001
2021-04-23 00:00:00+00:00,0.00033809000000000004
2021-04-24 00:00:00+00:00,0.00027216
2021-04-25 00:00:00+00:00,0.00035129000000000003
2021-04-26 00:00:00+00:00,0.00015000000000000001
2021-04-27 00:00:00+00:00,0.00015000000000000001
2021-04-28 00:00:00+00:00,0.00015000000000000001
2021-04-29 00:00:00+00:00,0.00015000000000000001
2021-04-30 00:00:00+00:00,0.00015000000000000001
2021-05-01 00:00:00+00:00,0.00026852500000000004
2021-05-02 00:00:00+00:00,0.000531935
2021-05-03 00:00:00+00:00,0.00071904
2021-05-04 00:00:00+00:00,0.0006478549999999999
2021-05-05 00:00:00+00:00,0.000494465
2021-05-06 00:00:00+00:00,0.0011480449999999999
2021-05-07 00:00:00+00:00,0.00057551
2021-05-08 00:00:00+00:00,0.000760375
2021-05-09 00:00:00+00:00,0.000783255
2021-05-10 00:00:00+00:00,0.0011122100000000002
2021-05-11 00:00:00+00:00,0.00058028
2021-05-12 00:00:00+00:00,0.00045078
2021-05-13 00:00:00+00:00,0.000222505
2021-05-14 00:00:00+00:00,0.00045164
2021-05-15 00:00:00+00:00,0.00020138
2021-05-16 00:00:00+00:00,0.00046562999999999997
2021-05-17 00:00:00+00:00,0.0006664150000000001
2021-05-18 00:00:00+00:00,0.000455875
2021-05-19 00:00:00+00:00,-0.00021941999999999998
2021-05-20 00:00:00+00:00,0.00015000000000000001
2021-05-21 00:00:00+00:00,8.272499999999999e-05
2021-05-22 00:00:00+00:00,-2.2239999999999997e-05
2021-05-23 00:00:00+00:00,-6.87e-06
2021-05-24 00:00:00+00:00,-8.175e-05
2021-05-25 00:00:00+00:00,0.00015000000000000001
2021-05-26 00:00:00+00:00,0.00015000000000000001
2021-05-27 00:00:00+00:00,0.00015000000000000001
2021-05-28 00:00:00+00:00,0.00015000000000000001
2021-05-29 00:00:00+00:00,0.000151875
2021-05-30 00:00:00+00:00,0.00015000000000000001
2021-05-31 00:00:00+00:00,0.00015000000000000001
2021-06-01 00:00:00+00:00,0.00015000000000000001
2021-06-02 00:00:00+00:00,0.00015000000000000001
2021-06-03 00:00:00+00:00,0.00015000000000000001
2021-06-04 00:00:00+00:00,0.00020283
2021-06-05 00:00:00+00:00,0.00015000000000000001
2021-06-06 00:00:00+00:00,0.00015000000000000001
2021-06-07 00:00:00+00:00,0.00015000000000000001
2021-06-08 00:00:00+00:00,0.000105075
2021-06-09 00:00:00+00:00,-5.1194999999999993e-05
2021-06-10 00:00:00+00:00,-3.830000000000002e-06
2021-06-11 00:00:00+00:00,8.694e-05
2021-06-12 00:00:00+00:00,7.0300000000000055e-06
2021-06-13 00:00:00+00:00,2.9664999999999995e-05
2021-06-14 00:00:00+00:00,8.428e-05
2021-06-15 00:00:00+00:00,0.00014001
2021-06-16 00:00:00+00:00,0.00015000000000000001
2021-06-17 00:00:00+00:00,0.00015000000000000001
2021-06-18 00:00:00+00:00,7.8435e-05
2021-06-19 00:00:00+00:00,-3.5855e-05
2021-06-20 00:00:00+00:00,7.815000000000006e-06
2021-06-21 00:00:00+00:00,-5.7355e-05
2021-06-22 00:00:00+00:00,-7.429500000000002e-05
2021-06-23 00:00:00+00:00,-0.000167605
2021-06-24 00:00:00+00:00,-8.324e-05
2021-06-25 00:00:00+00:00,0.00011186
2021-06-26 00:00:00+00:00,-0.000172605
2021-06-27 00:00:00+00:00,-0.000512925
2021-06-28 00:00:00+00:00,5.199e-05
2021-06-29 00:00:00+00:00,0.00011114500000000001
2021-06-30 00:00:00+00:00,0.00015000000000000001
2021-07-01 00:00:00+00:00,-0.0008500000000000001
2021-07-02 00:00:00+00:00,0.0
2021-07-03 00:00:00+00:00,0.0
2021-07-04 00:00:00+00:00,0.0
2021-07-05 00:00:00+00:00,0.0
2021-07-06 00:00:00+00:00,0.0
2021-07-07 00:00:00+00:00,0.0
2021-07-08 00:00:00+00:00,0.0
2021-07-09 00:00:00+00:00,0.0
2021-07-10 00:00:00+00:00,0.0
2021-07-11 00:00:00+00:00,0.0
2021-07-12 00:00:00+00:00,0.0
2021-07-13 00:00:00+00:00,0.0
2021-07-14 00:00:00+00:00,0.0
2021-07-15 00:00:00+00:00,0.0
2021-07-16 00:00:00+00:00,0.0
2021-07-17 00:00:00+00:00,0.0
2021-07-18 00:00:00+00:00,0.0
2021-07-19 00:00:00+00:00,0.0
2021-07-20 00:00:00+00:00,0.0
2021-07-21 00:00:00+00:00,0.0
2021-07-22 00:00:00+00:00,0.0
2021-07-23 00:00:00+00:00,0.0
2021-07-24 00:00:00+00:00,0.0
2021-07-25 00:00:00+00:00,0.0
2021-07-26 00:00:00+00:00,0.0
2021-07-27 00:00:00+00:00,0.0
2021-07-28 00:00:00+00:00,0.0
2021-07-29 00:00:00+00:00,0.0
2021-07-30 00:00:00+00:00,0.0
2021-07-31 00:00:00+00:00,0.0
2021-08-01 00:00:00+00:00,0.0
2021-08-02 00:00:00+00:00,0.0
2021-08-03 00:00:00+00:00,0.0
2021-08-04 00:00:00+00:00,0.0
2021-08-05 00:00:00+00:00,0.0
2021-08-06 00:00:00+00:00,0.0
2021-08-07 00:00:00+00:00,0.0
2021-08-08 00:00:00+00:00,0.0
2021-08-09 00:00:00+00:00,0.0
2021-08-10 00:00:00+00:00,0.0
2021-08-11 00:00:00+00:00,0.0
2021-08-12 00:00:00+00:00,0.0
2021-08-13 00:00:00+00:00,0.0
2021-08-14 00:00:00+00:00,0.0
2021-08-15 00:00:00+00:00,0.0
2021-08-16 00:00:00+00:00,0.0
2021-08-17 00:00:00+00:00,0.0
2021-08-18 00:00:00+00:00,0.0
2021-08-19 00:00:00+00:00,0.0
2021-08-20 00:00:00+00:00,0.0
2021-08-21 00:00:00+00:00,0.0
2021-08-22 00:00:00+00:00,0.0
2021-08-23 00:00:00+00:00,0.0
2021-08-24 00:00:00+00:00,0.0
2021-08-25 00:00:00+00:00,0.0
2021-08-26 00:00:00+00:00,0.0
2021-08-27 00:00:00+00:00,0.0
2021-08-28 00:00:00+00:00,0.0
2021-08-29 00:00:00+00:00,0.0
2021-08-30 00:00:00+00:00,0.0
2021-08-31 00:00:00+00:00,0.0
2021-09-01 00:00:00+00:00,-0.000320795
2021-09-02 00:00:00+00:00,0.000733075
2021-09-03 00:00:00+00:00,0.00052803
2021-09-04 00:00:00+00:00,0.00037473
2021-09-05 00:00:00+00:00,0.00015000000000000001
2021-09-06 00:00:00+00:00,0.00023391499999999999
2021-09-07 00:00:00+00:00,0.000214885
2021-09-08 00:00:00+00:00,0.00015000000000000001
2021-09-09 00:00:00+00:00,0.00015000000000000001
2021-09-10 00:00:00+00:00,0.000155575
2021-09-11 00:00:00+00:00,0.00015000000000000001
2021-09-12 00:00:00+00:00,0.00015000000000000001
2021-09-13 00:00:00+00:00,0.00015000000000000001
2021-09-14 00:00:00+00:00,0.00015000000000000001
2021-09-15 00:00:00+00:00,0.00015000000000000001
2021-09-16 00:00:00+00:00,0.00015000000000000001
2021-09-17 00:00:00+00:00,0.00015000000000000001
2021-09-18 00:00:00+00:00,0.00015000000000000001
2021-09-19 00:00:00+00:00,0.00015000000000000001
2021-09-20 00:00:00+00:00,0.00015000000000000001
2021-09-21 00:00:00+00:00,0.00015000000000000001
2021-09-22 00:00:00+00:00,0.00015000000000000001
2021-09-23 00:00:00+00:00,0.00011289500000000001
2021-09-24 00:00:00+00:00,-6.207e-05
2021-09-25 00:00:00+00:00,0.000128145
2021-09-26 00:00:00+00:00,5.3855000000000005e-05
2021-09-27 00:00:00+00:00,0.00015000000000000001
2021-09-28 00:00:00+00:00,7.8115e-05
2021-09-29 00:00:00+00:00,6.933e-05
2021-09-30 00:00:00+00:00,0.00014617500000000002
2021-10-01 00:00:00+00:00,4.7545e-05
2021-10-02 00:00:00+00:00,7.366999999999999e-05
2021-10-03 00:00:00+00:00,0.00015000000000000001
2021-10-04 00:00:00+00:00,0.00015000000000000001
2021-10-05 00:00:00+00:00,3.867000000000001e-05
2021-10-06 00:00:00+00:00,0.00015000000000000001
2021-10-07 00:00:00+00:00,0.000359245
2021-10-08 00:00:00+00:00,0.00035075499999999996
2021-10-09 00:00:00+00:00,0.00017858499999999999
2021-10-10 00:00:00+00:00,0.00020453
2021-10-11 00:00:00+00:00,0.00015000000000000001
2021-10-12 00:00:00+00:00,0.00015000000000000001
2021-10-13 00:00:00+00:00,0.00015000000000000001
2021-10-14 00:00:00+00:00,0.000250395
2021-10-15 00:00:00+00:00,0.000283425
2021-10-16 00:00:00+00:00,0.000596315
2021-10-17 00:00:00+00:00,0.00057831
2021-10-18 00:00:00+00:00,0.00035321
2021-10-19 00:00:00+00:00,0.00017487
2021-10-20 00:00:00+00:00,0.000416185
2021-10-21 00:00:00+00:00,0.0009411699999999999
2021-10-22 00:00:00+00:00,0.00045609000000000003
2021-10-23 00:00:00+00:00,0.000292135
2021-10-24 00:00:00+00:00,0.000502175
2021-10-25 00:00:00+00:00,0.00043333
2021-10-26 00:00:00+00:00,0.000788125
2021-10-27 00:00:00+00:00,0.000432505
2021-10-28 00:00:00+00:00,0.00019678000000000002
2021-10-29 00:00:00+00:00,0.00032805
2021-10-30 00:00:00+00:00,0.00039318
2021-10-31 00:00:00+00:00,0.000559385
2021-11-01 00:00:00+00:00,0.0006040150000000001
2021-11-02 00:00:00+00:00,0.000482685
2021-11-03 00:00:00+00:00,0.00078717
2021-11-04 00:00:00+00:00,0.0007155250000000001
2021-11-05 00:00:00+00:00,0.000390535
2021-11-06 00:00:00+00:00,0.00068084
2021-11-07 00:00:00+00:00,0.00045479499999999997
2021-11-08 00:00:00+00:00,0.000619745
2021-11-09 00:00:00+00:00,0.000728865
2021-11-10 00:00:00+00:00,0.0008171300000000001
2021-11-11 00:00:00+00:00,0.000275115
2021-11-12 00:00:00+00:00,0.00045209
2021-11-13 00:00:00+00:00,0.00034508
2021-11-14 00:00:00+00:00,0.00018510500000000002
2021-11-15 00:00:00+00:00,0.0003893
2021-11-16 00:00:00+00:00,0.00027999
2021-11-17 00:00:00+00:00,0.000165775
2021-11-18 00:00:00+00:00,0.000156175
2021-11-19 00:00:00+00:00,0.00015000000000000001
2021-11-20 00:00:00+00:00,0.00015000000000000001
2021-11-21 00:00:00+00:00,0.00015000000000000001
2021-11-22 00:00:00+00:00,0.00015000000000000001
2021-11-23 00:00:00+00:00,0.000164485
2021-11-24 00:00:00+00:00,0.00016005000000000001
2021-11-25 00:00:00+00:00,0.00021606000000000002
2021-11-26 00:00:00+00:00,0.00028802
2021-11-27 00:00:00+00:00,0.00015412
2021-11-28 00:00:00+00:00,0.00015000000000000001
2021-11-29 00:00:00+00:00,0.00020387
2021-11-30 00:00:00+00:00,0.00023904999999999998
2021-12-01 00:00:00+00:00,0.000259175
2021-12-02 00:00:00+00:00,0.000179755
2021-12-03 00:00:00+00:00,0.00024442
2021-12-04 00:00:00+00:00,9.589e-05
2021-12-05 00:00:00+00:00,0.000136365
2021-12-06 00:00:00+00:00,0.00015000000000000001
2021-12-07 00:00:00+00:00,0.000119885
2021-12-08 00:00:00+00:00,0.00015000000000000001
2021-12-09 00:00:00+00:00,0.00015000000000000001
2021-12-10 00:00:00+00:00,0.00015000000000000001
2021-12-11 00:00:00+00:00,0.00015000000000000001
2021-12-12 00:00:00+00:00,0.00015000000000000001
2021-12-13 00:00:00+00:00,0.00015000000000000001
2021-12-14 00:00:00+00:00,9.172500000000001e-05
2021-12-15 00:00:00+00:00,0.00015000000000000001
2021-12-16 00:00:00+00:00,0.00015000000000000001
2021-12-17 00:00:00+00:00,0.00012339
2021-12-18 00:00:00+00:00,0.00013371
2021-12-19 00:00:00+00:00,0.0001354
2021-12-20 00:00:00+00:00,0.00015000000000000001
2021-12-21 00:00:00+00:00,0.00014592
2021-12-22 00:00:00+00:00,0.00015000000000000001
2021-12-23 00:00:00+00:00,0.00011869000000000002
2021-12-24 00:00:00+00:00,0.00015000000000000001
2021-12-25 00:00:00+00:00,0.00015000000000000001
2021-12-26 00:00:00+00:00,0.00015000000000000001
2021-12-27 00:00:00+00:00,0.00015000000000000001
2021-12-28 00:00:00+00:00,0.00015000000000000001
2021-12-29 00:00:00+00:00,0.00015000000000000001
2021-12-30 00:00:00+00:00,0.00015000000000000001
2021-12-31 00:00:00+00:00,8.449e-05
2022-01-01 00:00:00+00:00,0.00015000000000000001
2022-01-02 00:00:00+00:00,0.00015000000000000001
2022-01-03 00:00:00+00:00,0.00015000000000000001
2022-01-04 00:00:00+00:00,0.00015000000000000001
2022-01-05 00:00:00+00:00,0.00015000000000000001
2022-01-06 00:00:00+00:00,0.00015000000000000001
2022-01-07 00:00:00+00:00,0.00015000000000000001
2022-01-08 00:00:00+00:00,0.00015000000000000001
2022-01-09 00:00:00+00:00,0.00015000000000000001
2022-01-10 00:00:00+00:00,0.00012261
2022-01-11 00:00:00+00:00,0.00013697
2022-01-12 00:00:00+00:00,-2.445000000000001e-06
2022-01-13 00:00:00+00:00,-1.7935e-05
2022-01-14 00:00:00+00:00,-7.6165e-05
2022-01-15 00:00:00+00:00,7.471499999999999e-05
2022-01-16 00:00:00+00:00,5.18e-05
2022-01-17 00:00:00+00:00,9.199e-05
2022-01-18 00:00:00+00:00,0.00014999
2022-01-19 00:00:00+00:00,0.000124865
2022-01-20 00:00:00+00:00,0.00015000000000000001
2022-01-21 00:00:00+00:00,0.000113745
2022-01-22 00:00:00+00:00,6.5355e-05
2022-01-23 00:00:00+00:00,3.5855e-05
2022-01-24 00:00:00+00:00,7.047e-05
2022-01-25 00:00:00+00:00,4.059e-05
2022-01-26 00:00:00+00:00,-2.6795e-05
2022-01-27 00:00:00+00:00,-0.000113045
2022-01-28 00:00:00+00:00,4.776e-05
2022-01-29 00:00:00+00:00,5.585e-06
2022-01-30 00:00:00+00:00,0.00012588
2022-01-31 00:00:00+00:00,-2.0449999999999996e-05
2022-02-01 00:00:00+00:00,-2.0714999999999997e-05
2022-02-02 00:00:00+00:00,4.824e-05
2022-02-03 00:00:00+00:00,-4.0405000000000004e-05
2022-02-04 00:00:00+00:00,1.4455000000000003e-05
2022-02-05 00:00:00+00:00,0.000137285
2022-02-06 00:00:00+00:00,0.00015000000000000001
2022-02-07 00:00:00+00:00,-1.4380000000000001e-05
2022-02-08 00:00:00+00:00,0.00015000000000000001
2022-02-09 00:00:00+00:00,9.580999999999999e-05
2022-02-10 00:00:00+00:00,9.100500000000001e-05
2022-02-11 00:00:00+00:00,-4.4930000000000005e-05
2022-02-12 00:00:00+00:00,0.00015000000000000001
2022-02-13 00:00:00+00:00,0.00011398999999999998
2022-02-14 00:00:00+00:00,9.5145e-05
2022-02-15 00:00:00+00:00,3.851e-05
2022-02-16 00:00:00+00:00,0.00015000000000000001
2022-02-17 00:00:00+00:00,0.00015000000000000001
2022-02-18 00:00:00+00:00,-2.1485e-05
2022-02-19 00:00:00+00:00,9.3355e-05
2022-02-20 00:00:00+00:00,1.0434999999999998e-05
2022-02-21 00:00:00+00:00,-7.355000000000003e-06
2022-02-22 00:00:00+00:00,-2.9825e-05
2022-02-23 00:00:00+00:00,-9.279000000000001e-05
2022-02-24 00:00:00+00:00,-9.39e-05
2022-02-25 00:00:00+00:00,8.609e-05
2022-02-26 00:00:00+00:00,0.00013473
2022-02-27 00:00:00+00:00,3.3744999999999996e-05
2022-02-28 00:00:00+00:00,-0.000177695
2022-03-01 00:00:00+00:00,-0.0008500000000000001
2022-03-02 00:00:00+00:00,0.0
2022-03-03 00:00:00+00:00,0.0
2022-03-04 00:00:00+00:00,0.0
2022-03-05 00:00:00+00:00,0.0
2022-03-06 00:00:00+00:00,0.0
2022-03-07 00:00:00+00:00,0.0
2022-03-08 00:00:00+00:00,0.0
2022-03-09 00:00:00+00:00,0.0
2022-03-10 00:00:00+00:00,0.0
2022-03-11 00:00:00+00:00,0.0
2022-03-12 00:00:00+00:00,0.0
2022-03-13 00:00:00+00:00,0.0
2022-03-14 00:00:00+00:00,0.0
2022-03-15 00:00:00+00:00,0.0
2022-03-16 00:00:00+00:00,0.0
2022-03-17 00:00:00+00:00,0.0
2022-03-18 00:00:00+00:00,0.0
2022-03-19 00:00:00+00:00,0.0
2022-03-20 00:00:00+00:00,0.0
2022-03-21 00:00:00+00:00,0.0
2022-03-22 00:00:00+00:00,0.0
2022-03-23 00:00:00+00:00,0.0
2022-03-24 00:00:00+00:00,0.0
2022-03-25 00:00:00+00:00,0.0
2022-03-26 00:00:00+00:00,0.0
2022-03-27 00:00:00+00:00,0.0
2022-03-28 00:00:00+00:00,0.0
2022-03-29 00:00:00+00:00,0.0
2022-03-30 00:00:00+00:00,0.0
2022-03-31 00:00:00+00:00,0.0
2022-04-01 00:00:00+00:00,-0.0007159050000000001
2022-04-02 00:00:00+00:00,0.00015000000000000001
2022-04-03 00:00:00+00:00,0.00015000000000000001
2022-04-04 00:00:00+00:00,0.00015000000000000001
2022-04-05 00:00:00+00:00,0.00015000000000000001
2022-04-06 00:00:00+00:00,0.00014949
2022-04-07 00:00:00+00:00,0.00011210500000000001
2022-04-08 00:00:00+00:00,0.00012153000000000001
2022-04-09 00:00:00+00:00,0.000146395
2022-04-10 00:00:00+00:00,9.476e-05
2022-04-11 00:00:00+00:00,0.00010121500000000001
2022-04-12 00:00:00+00:00,-0.00011904
2022-04-13 00:00:00+00:00,-1.212e-05
2022-04-14 00:00:00+00:00,6.487e-05
2022-04-15 00:00:00+00:00,-6.1705e-05
2022-04-16 00:00:00+00:00,6.798500000000001e-05
2022-04-17 00:00:00+00:00,0.00010279000000000001
2022-04-18 00:00:00+00:00,-0.00012932
2022-04-19 00:00:00+00:00,5.6114999999999994e-05
2022-04-20 00:00:00+00:00,0.000113535
2022-04-21 00:00:00+00:00,1.4549999999999988e-06
2022-04-22 00:00:00+00:00,-7.186499999999999e-05
2022-04-23 00:00:00+00:00,-0.00014234
2022-04-24 00:00:00+00:00,-0.00018601500000000001
2022-04-25 00:00:00+00:00,-4.7644999999999995e-05
2022-04-26 00:00:00+00:00,0.00015000000000000001
2022-04-27 00:00:00+00:00,-0.00010853
2022-04-28 00:00:00+00:00,-6.299999999999997e-06
2022-04-29 00:00:00+00:00,0.00011314
2022-04-30 00:00:00+00:00,5.455000000000001e-06
2022-05-01 00:00:00+00:00,-0.0008500000000000001
2022-05-02 00:00:00+00:00,0.0
2022-05-03 00:00:00+00:00,0.0
2022-05-04 00:00:00+00:00,0.0
2022-05-05 00:00:00+00:00,0.0
2022-05-06 00:00:00+00:00,0.0
2022-05-07 00:00:00+00:00,0.0
2022-05-08 00:00:00+00:00,0.0
2022-05-09 00:00:00+00:00,0.0
2022-05-10 00:00:00+00:00,0.0
2022-05-11 00:00:00+00:00,0.0
2022-05-12 00:00:00+00:00,0.0
2022-05-13 00:00:00+00:00,0.0
2022-05-14 00:00:00+00:00,0.0
2022-05-15 00:00:00+00:00,0.0
2022-05-16 00:00:00+00:00,0.0
2022-05-17 00:00:00+00:00,0.0
2022-05-18 00:00:00+00:00,0.0
2022-05-19 00:00:00+00:00,0.0
2022-05-20 00:00:00+00:00,0.0
2022-05-21 00:00:00+00:00,0.0
2022-05-22 00:00:00+00:00,0.0
2022-05-23 00:00:00+00:00,0.0
2022-05-24 00:00:00+00:00,0.0
2022-05-25 00:00:00+00:00,0.0
2022-05-26 00:00:00+00:00,0.0
2022-05-27 00:00:00+00:00,0.0
2022-05-28 00:00:00+00:00,0.0
2022-05-29 00:00:00+00:00,0.0
2022-05-30 00:00:00+00:00,0.0
2022-05-31 00:00:00+00:00,0.0
2022-06-01 00:00:00+00:00,-0.0007000000000000001
2022-06-02 00:00:00+00:00,1.46e-05
2022-06-03 00:00:00+00:00,1.0514999999999997e-05
2022-06-04 00:00:00+00:00,5.2854999999999995e-05
2022-06-05 00:00:00+00:00,5.9695000000000004e-05
2022-06-06 00:00:00+00:00,0.00012846
2022-06-07 00:00:00+00:00,-1.9694999999999997e-05
2022-06-08 00:00:00+00:00,0.00015000000000000001
2022-06-09 00:00:00+00:00,0.00014553
2022-06-10 00:00:00+00:00,0.00011396
2022-06-11 00:00:00+00:00,4.3735e-05
2022-06-12 00:00:00+00:00,5.5010000000000004e-05
2022-06-13 00:00:00+00:00,9.270000000000001e-06
2022-06-14 00:00:00+00:00,-5.5675e-05
2022-06-15 00:00:00+00:00,-4.9915e-05
2022-06-16 00:00:00+00:00,-2.4580000000000002e-05
2022-06-17 00:00:00+00:00,-3.308e-05
2022-06-18 00:00:00+00:00,8.579e-05
2022-06-19 00:00:00+00:00,3.4615e-05
2022-06-20 00:00:00+00:00,3.2065e-05
2022-06-21 00:00:00+00:00,8.497499999999999e-05
2022-06-22 00:00:00+00:00,-2.222e-05
2022-06-23 00:00:00+00:00,-2.5524999999999997e-05
2022-06-24 00:00:00+00:00,0.00013003
2022-06-25 00:00:00+00:00,0.00011310500000000001
2022-06-26 00:00:00+00:00,0.00010334500000000001
2022-06-27 00:00:00+00:00,8.727500000000001e-05
2022-06-28 00:00:00+00:00,-2.882e-05
2022-06-29 00:00:00+00:00,8.921e-05
2022-06-30 00:00:00+00:00,-0.00010356999999999999
2022-07-01 00:00:00+00:00,-0.0008500000000000001
2022-07-02 00:00:00+00:00,0.0
2022-07-03 00:00:00+00:00,0.0
2022-07-04 00:00:00+00:00,0.0
2022-07-05 00:00:00+00:00,0.0
2022-07-06 00:00:00+00:00,0.0
2022-07-07 00:00:00+00:00,0.0
2022-07-08 00:00:00+00:00,0.0
2022-07-09 00:00:00+00:00,0.0
2022-07-10 00:00:00+00:00,0.0
2022-07-11 00:00:00+00:00,0.0
2022-07-12 00:00:00+00:00,0.0
2022-07-13 00:00:00+00:00,0.0
2022-07-14 00:00:00+00:00,0.0
2022-07-15 00:00:00+00:00,0.0
2022-07-16 00:00:00+00:00,0.0
2022-07-17 00:00:00+00:00,0.0
2022-07-18 00:00:00+00:00,0.0
2022-07-19 00:00:00+00:00,0.0
2022-07-20 00:00:00+00:00,0.0
2022-07-21 00:00:00+00:00,0.0
2022-07-22 00:00:00+00:00,0.0
2022-07-23 00:00:00+00:00,0.0
2022-07-24 00:00:00+00:00,0.0
2022-07-25 00:00:00+00:00,0.0
2022-07-26 00:00:00+00:00,0.0
2022-07-27 00:00:00+00:00,0.0
2022-07-28 00:00:00+00:00,0.0
2022-07-29 00:00:00+00:00,0.0
2022-07-30 00:00:00+00:00,0.0
2022-07-31 00:00:00+00:00,0.0
2022-08-01 00:00:00+00:00,-0.000717755
2022-08-02 00:00:00+00:00,0.00012809
2022-08-03 00:00:00+00:00,3.7499999999999997e-06
2022-08-04 00:00:00+00:00,1.5115e-05
2022-08-05 00:00:00+00:00,5.2904999999999996e-05
2022-08-06 00:00:00+00:00,0.00012738500000000001
2022-08-07 00:00:00+00:00,5.832e-05
2022-08-08 00:00:00+00:00,0.00011395
2022-08-09 00:00:00+00:00,0.0001396
2022-08-10 00:00:00+00:00,4.3535e-05
2022-08-11 00:00:00+00:00,0.000110585
2022-08-12 00:00:00+00:00,3.5260000000000005e-05
2022-08-13 00:00:00+00:00,3.5249999999999996e-05
2022-08-14 00:00:00+00:00,1.651e-05
2022-08-15 00:00:00+00:00,-2.014e-05
2022-08-16 00:00:00+00:00,3.1345e-05
2022-08-17 00:00:00+00:00,5.046e-05
2022-08-18 00:00:00+00:00,0.00012781
2022-08-19 00:00:00+00:00,2.6810000000000003e-05
2022-08-20 00:00:00+00:00,-5.1095e-05
2022-08-21 00:00:00+00:00,-4.3899999999999996e-05
2022-08-22 00:00:00+00:00,-3.643e-05
2022-08-23 00:00:00+00:00,-3.265e-05
2022-08-24 00:00:00+00:00,-2.6909999999999998e-05
2022-08-25 00:00:00+00:00,3.078e-05
2022-08-26 00:00:00+00:00,2.0495e-05
2022-08-27 00:00:00+00:00,-6.747e-05
2022-08-28 00:00:00+00:00,-6.2985e-05
2022-08-29 00:00:00+00:00,-0.00014936
2022-08-30 00:00:00+00:00,-4.068e-05
2022-08-31 00:00:00+00:00,4.32e-05
2022-09-01 00:00:00+00:00,-0.0008500000000000001
2022-09-02 00:00:00+00:00,0.0
2022-09-03 00:00:00+00:00,0.0
2022-09-04 00:00:00+00:00,0.0
2022-09-05 00:00:00+00:00,0.0
2022-09-06 00:00:00+00:00,0.0
2022-09-07 00:00:00+00:00,0.0
2022-09-08 00:00:00+00:00,0.0
2022-09-09 00:00:00+00:00,0.0
2022-09-10 00:00:00+00:00,0.0
2022-09-11 00:00:00+00:00,0.0
2022-09-12 00:00:00+00:00,0.0
2022-09-13 00:00:00+00:00,0.0
2022-09-14 00:00:00+00:00,0.0
2022-09-15 00:00:00+00:00,0.0
2022-09-16 00:00:00+00:00,0.0
2022-09-17 00:00:00+00:00,0.0
2022-09-18 00:00:00+00:00,0.0
2022-09-19 00:00:00+00:00,0.0
2022-09-20 00:00:00+00:00,0.0
2022-09-21 00:00:00+00:00,0.0
2022-09-22 00:00:00+00:00,0.0
2022-09-23 00:00:00+00:00,0.0
2022-09-24 00:00:00+00:00,0.0
2022-09-25 00:00:00+00:00,0.0
2022-09-26 00:00:00+00:00,0.0
2022-09-27 00:00:00+00:00,0.0
2022-09-28 00:00:00+00:00,0.0
2022-09-29 00:00:00+00:00,0.0
2022-09-30 00:00:00+00:00,0.0
2022-10-01 00:00:00+00:00,0.0
2022-10-02 00:00:00+00:00,0.0
2022-10-03 00:00:00+00:00,0.0
2022-10-04 00:00:00+00:00,0.0
2022-10-05 00:00:00+00:00,0.0
2022-10-06 00:00:00+00:00,0.0
2022-10-07 00:00:00+00:00,0.0
2022-10-08 00:00:00+00:00,0.0
2022-10-09 00:00:00+00:00,0.0
2022-10-10 00:00:00+00:00,0.0
2022-10-11 00:00:00+00:00,0.0
2022-10-12 00:00:00+00:00,0.0
2022-10-13 00:00:00+00:00,0.0
2022-10-14 00:00:00+00:00,0.0
2022-10-15 00:00:00+00:00,0.0
2022-10-16 00:00:00+00:00,0.0
2022-10-17 00:00:00+00:00,0.0
2022-10-18 00:00:00+00:00,0.0
2022-10-19 00:00:00+00:00,0.0
2022-10-20 00:00:00+00:00,0.0
2022-10-21 00:00:00+00:00,0.0
2022-10-22 00:00:00+00:00,0.0
2022-10-23 00:00:00+00:00,0.0
2022-10-24 00:00:00+00:00,0.0
2022-10-25 00:00:00+00:00,0.0
2022-10-26 00:00:00+00:00,0.0
2022-10-27 00:00:00+00:00,0.0
2022-10-28 00:00:00+00:00,0.0
2022-10-29 00:00:00+00:00,0.0
2022-10-30 00:00:00+00:00,0.0
2022-10-31 00:00:00+00:00,0.0
2022-11-01 00:00:00+00:00,-0.0008453200000000001
2022-11-02 00:00:00+00:00,6.0179999999999996e-05
2022-11-03 00:00:00+00:00,5.03e-05
2022-11-04 00:00:00+00:00,6.238e-05
2022-11-05 00:00:00+00:00,9.475e-05
2022-11-06 00:00:00+00:00,0.00011544499999999999
2022-11-07 00:00:00+00:00,0.000139065
2022-11-08 00:00:00+00:00,7.586499999999999e-05
2022-11-09 00:00:00+00:00,-0.000197775
2022-11-10 00:00:00+00:00,-0.00127479
2022-11-11 00:00:00+00:00,-0.000162655
2022-11-12 00:00:00+00:00,4.7075e-05
2022-11-13 00:00:00+00:00,-2.1040000000000002e-05
2022-11-14 00:00:00+00:00,-6.293e-05
2022-11-15 00:00:00+00:00,-0.00013157000000000002
2022-11-16 00:00:00+00:00,-9.356e-05
2022-11-17 00:00:00+00:00,-6.1905e-05
2022-11-18 00:00:00+00:00,2.5850000000000007e-06
2022-11-19 00:00:00+00:00,6.142e-05
2022-11-20 00:00:00+00:00,8.97e-06
2022-11-21 00:00:00+00:00,4.491e-05
2022-11-22 00:00:00+00:00,1.2145e-05
2022-11-23 00:00:00+00:00,9.508000000000002e-05
2022-11-24 00:00:00+00:00,6.852e-05
2022-11-25 00:00:00+00:00,1.924e-05
2022-11-26 00:00:00+00:00,2.4635e-05
2022-11-27 00:00:00+00:00,8.904999999999997e-06
2022-11-28 00:00:00+00:00,1.43e-05
2022-11-29 00:00:00+00:00,4.273e-05
2022-11-30 00:00:00+00:00,8.4765e-05
2022-12-01 00:00:00+00:00,-0.0008500000000000001
2022-12-02 00:00:00+00:00,0.0
2022-12-03 00:00:00+00:00,0.0
2022-12-04 00:00:00+00:00,0.0
2022-12-05 00:00:00+00:00,0.0
2022-12-06 00:00:00+00:00,0.0
2022-12-07 00:00:00+00:00,0.0
2022-12-08 00:00:00+00:00,0.0
2022-12-09 00:00:00+00:00,0.0
2022-12-10 00:00:00+00:00,0.0
2022-12-11 00:00:00+00:00,0.0
2022-12-12 00:00:00+00:00,0.0
2022-12-13 00:00:00+00:00,0.0
2022-12-14 00:00:00+00:00,0.0
2022-12-15 00:00:00+00:00,0.0
2022-12-16 00:00:00+00:00,0.0
2022-12-17 00:00:00+00:00,0.0
2022-12-18 00:00:00+00:00,0.0
2022-12-19 00:00:00+00:00,0.0
2022-12-20 00:00:00+00:00,0.0
2022-12-21 00:00:00+00:00,0.0
2022-12-22 00:00:00+00:00,0.0
2022-12-23 00:00:00+00:00,0.0
2022-12-24 00:00:00+00:00,0.0
2022-12-25 00:00:00+00:00,0.0
2022-12-26 00:00:00+00:00,0.0
2022-12-27 00:00:00+00:00,0.0
2022-12-28 00:00:00+00:00,0.0
2022-12-29 00:00:00+00:00,0.0
2022-12-30 00:00:00+00:00,0.0
2022-12-31 00:00:00+00:00,0.0
2023-01-01 00:00:00+00:00,-0.000746545
2023-01-02 00:00:00+00:00,-1.5870000000000002e-05
2023-01-03 00:00:00+00:00,0.000111495
2023-01-04 00:00:00+00:00,7.404e-05
2023-01-05 00:00:00+00:00,8.5585e-05
2023-01-06 00:00:00+00:00,0.00010418
2023-01-07 00:00:00+00:00,6.5895e-05
2023-01-08 00:00:00+00:00,0.00011554499999999999
2023-01-09 00:00:00+00:00,3.0175e-05
2023-01-10 00:00:00+00:00,7.6155e-05
2023-01-11 00:00:00+00:00,2.5135e-05
2023-01-12 00:00:00+00:00,0.000137745
2023-01-13 00:00:00+00:00,0.0001358
2023-01-14 00:00:00+00:00,0.00032296500000000004
2023-01-15 00:00:00+00:00,0.00023019
2023-01-16 00:00:00+00:00,0.00015000000000000001
2023-01-17 00:00:00+00:00,0.00015000000000000001
2023-01-18 00:00:00+00:00,0.00015000000000000001
2023-01-19 00:00:00+00:00,0.00015000000000000001
2023-01-20 00:00:00+00:00,0.00015000000000000001
2023-01-21 00:00:00+00:00,0.00015000000000000001
2023-01-22 00:00:00+00:00,0.00015000000000000001
2023-01-23 00:00:00+00:00,0.00015000000000000001
2023-01-24 00:00:00+00:00,0.00015000000000000001
2023-01-25 00:00:00+00:00,0.00015000000000000001
2023-01-26 00:00:00+00:00,0.00015000000000000001
2023-01-27 00:00:00+00:00,0.000147705
2023-01-28 00:00:00+00:00,0.00015000000000000001
2023-01-29 00:00:00+00:00,0.00015000000000000001
2023-01-30 00:00:00+00:00,0.00015000000000000001
2023-01-31 00:00:00+00:00,0.00015000000000000001
2023-02-01 00:00:00+00:00,0.00015000000000000001
2023-02-02 00:00:00+00:00,0.00015000000000000001
2023-02-03 00:00:00+00:00,0.00015000000000000001
2023-02-04 00:00:00+00:00,0.00015000000000000001
2023-02-05 00:00:00+00:00,0.00015000000000000001
2023-02-06 00:00:00+00:00,0.00015000000000000001
2023-02-07 00:00:00+00:00,0.00015000000000000001
2023-02-08 00:00:00+00:00,0.00015000000000000001
2023-02-09 00:00:00+00:00,0.00015000000000000001
2023-02-10 00:00:00+00:00,0.00015000000000000001
2023-02-11 00:00:00+00:00,9.248499999999999e-05
2023-02-12 00:00:00+00:00,8.8065e-05
2023-02-13 00:00:00+00:00,9.1985e-05
2023-02-14 00:00:00+00:00,0.000144435
2023-02-15 00:00:00+00:00,7.039000000000001e-05
2023-02-16 00:00:00+00:00,0.00021585499999999999
2023-02-17 00:00:00+00:00,0.00015000000000000001
2023-02-18 00:00:00+00:00,0.00015000000000000001
2023-02-19 00:00:00+00:00,0.00015000000000000001
2023-02-20 00:00:00+00:00,0.00015000000000000001
2023-02-21 00:00:00+00:00,0.00015000000000000001
2023-02-22 00:00:00+00:00,0.00015000000000000001
2023-02-23 00:00:00+00:00,8.5685e-05
2023-02-24 00:00:00+00:00,7.6835e-05
2023-02-25 00:00:00+00:00,8.725e-06
2023-02-26 00:00:00+00:00,8.3565e-05
2023-02-27 00:00:00+00:00,8.083e-05
2023-02-28 00:00:00+00:00,5.6745e-05
2023-03-01 00:00:00+00:00,0.000100925
2023-03-02 00:00:00+00:00,0.00012855
2023-03-03 00:00:00+00:00,2.7855e-05
2023-03-04 00:00:00+00:00,3.223e-05
2023-03-05 00:00:00+00:00,3.062e-05
2023-03-06 00:00:00+00:00,7.464e-05
2023-03-07 00:00:00+00:00,4.0895e-05
2023-03-08 00:00:00+00:00,8.366499999999999e-05
2023-03-09 00:00:00+00:00,0.00015000000000000001
2023-03-10 00:00:00+00:00,-5.0079999999999995e-05
2023-03-11 00:00:00+00:00,-1.1365e-05
2023-03-12 00:00:00+00:00,2.6980000000000003e-05
2023-03-13 00:00:00+00:00,0.00013005500000000001
2023-03-14 00:00:00+00:00,0.000274265
2023-03-15 00:00:00+00:00,0.000281265
2023-03-16 00:00:00+00:00,0.00015000000000000001
2023-03-17 00:00:00+00:00,0.00011655500000000001
2023-03-18 00:00:00+00:00,0.00015000000000000001
2023-03-19 00:00:00+00:00,0.00015000000000000001
2023-03-20 00:00:00+00:00,0.000145405
2023-03-21 00:00:00+00:00,4.8320000000000005e-05
2023-03-22 00:00:00+00:00,2.804e-05
2023-03-23 00:00:00+00:00,4.579e-05
2023-03-24 00:00:00+00:00,0.00015000000000000001
2023-03-25 00:00:00+00:00,2.035e-06
2023-03-26 00:00:00+00:00,1.8450000000000035e-06
2023-03-27 00:00:00+00:00,2.459e-05
2023-03-28 00:00:00+00:00,3.6129999999999995e-05
2023-03-29 00:00:00+00:00,0.00011586499999999999
2023-03-30 00:00:00+00:00,6.874e-05
2023-03-31 00:00:00+00:00,6.823e-05
2023-04-01 00:00:00+00:00,0.0001442
2023-04-02 00:00:00+00:00,7.967e-05
2023-04-03 00:00:00+00:00,3.1035e-05
2023-04-04 00:00:00+00:00,-4.321e-05
2023-04-05 00:00:00+00:00,8.271e-05
2023-04-06 00:00:00+00:00,1.0324999999999999e-05
2023-04-07 00:00:00+00:00,2.9300000000000007e-06
2023-04-08 00:00:00+00:00,1.963e-05
2023-04-09 00:00:00+00:00,-4.0349999999999995e-06
2023-04-10 00:00:00+00:00,0.000130835
2023-04-11 00:00:00+00:00,0.00015000000000000001
2023-04-12 00:00:00+00:00,9.762e-05
2023-04-13 00:00:00+00:00,0.00010546000000000001
2023-04-14 00:00:00+00:00,6.6535e-05
2023-04-15 00:00:00+00:00,6.74e-05
2023-04-16 00:00:00+00:00,0.00013572
2023-04-17 00:00:00+00:00,0.00013688
2023-04-18 00:00:00+00:00,5.4724999999999995e-05
2023-04-19 00:00:00+00:00,8.075000000000001e-05
2023-04-20 00:00:00+00:00,9.072500000000001e-05
2023-04-21 00:00:00+00:00,0.000131485
2023-04-22 00:00:00+00:00,9.473999999999999e-05
2023-04-23 00:00:00+00:00,3.7565e-05
2023-04-24 00:00:00+00:00,5.5015e-05
2023-04-25 00:00:00+00:00,0.00010106500000000001
2023-04-26 00:00:00+00:00,8.016e-05
2023-04-27 00:00:00+00:00,5.776e-05
2023-04-28 00:00:00+00:00,0.00012238
2023-04-29 00:00:00+00:00,7.307e-05
2023-04-30 00:00:00+00:00,6.3555e-05
2023-05-01 00:00:00+00:00,-1.6845000000000006e-05
2023-05-02 00:00:00+00:00,4.1535e-05
2023-05-03 00:00:00+00:00,9.852e-05
2023-05-04 00:00:00+00:00,0.00012153000000000001
2023-05-05 00:00:00+00:00,0.00011094
2023-05-06 00:00:00+00:00,0.00015000000000000001
2023-05-07 00:00:00+00:00,7.207e-05
2023-05-08 00:00:00+00:00,2.5145e-05
2023-05-09 00:00:00+00:00,6.1645e-05
2023-05-10 00:00:00+00:00,6.164500000000001e-05
2023-05-11 00:00:00+00:00,6.8645e-05
2023-05-12 00:00:00+00:00,5.1794999999999995e-05
2023-05-13 00:00:00+00:00,4.9344999999999996e-05
2023-05-14 00:00:00+00:00,4.1455e-05
2023-05-15 00:00:00+00:00,1.3205000000000001e-05
2023-05-16 00:00:00+00:00,8.8125e-05
2023-05-17 00:00:00+00:00,9.941e-05
2023-05-18 00:00:00+00:00,0.00014171
2023-05-19 00:00:00+00:00,5.5024999999999996e-05
2023-05-20 00:00:00+00:00,3.4595e-05
2023-05-21 00:00:00+00:00,8.554500000000001e-05
2023-05-22 00:00:00+00:00,3.9995e-05
2023-05-23 00:00:00+00:00,0.00015000000000000001
2023-05-24 00:00:00+00:00,8.214500000000001e-05
2023-05-25 00:00:00+00:00,0.0001291
2023-05-26 00:00:00+00:00,0.00012268
2023-05-27 00:00:00+00:00,0.00011536000000000001
2023-05-28 00:00:00+00:00,0.0001494
2023-05-29 00:00:00+00:00,0.00015000000000000001
2023-05-30 00:00:00+00:00,9.542e-05
2023-05-31 00:00:00+00:00,7.536500000000001e-05
2023-06-01 00:00:00+00:00,0.000108685
2023-06-02 00:00:00+00:00,0.00011991
2023-06-03 00:00:00+00:00,0.00011493
2023-06-04 00:00:00+00:00,0.00012425
2023-06-05 00:00:00+00:00,0.00013696999999999998
2023-06-06 00:00:00+00:00,-2.9579999999999995e-05
2023-06-07 00:00:00+00:00,0.000120025
2023-06-08 00:00:00+00:00,6.3025e-05
2023-06-09 00:00:00+00:00,9.453999999999999e-05
2023-06-10 00:00:00+00:00,7.4865e-05
2023-06-11 00:00:00+00:00,6.786e-05
2023-06-12 00:00:00+00:00,7.6745e-05
2023-06-13 00:00:00+00:00,0.00011341500000000001
2023-06-14 00:00:00+00:00,4.4075e-05
2023-06-15 00:00:00+00:00,4.8075e-05
2023-06-16 00:00:00+00:00,2.494e-05
2023-06-17 00:00:00+00:00,0.00013705500000000002
2023-06-18 00:00:00+00:00,9.322e-05
2023-06-19 00:00:00+00:00,8.5635e-05
2023-06-20 00:00:00+00:00,6.525000000000001e-06
2023-06-21 00:00:00+00:00,9.423e-05
2023-06-22 00:00:00+00:00,0.00014618
2023-06-23 00:00:00+00:00,0.00015000000000000001
2023-06-24 00:00:00+00:00,0.00015000000000000001
2023-06-25 00:00:00+00:00,0.00015000000000000001
2023-06-26 00:00:00+00:00,0.00015000000000000001
2023-06-27 00:00:00+00:00,0.00015000000000000001
2023-06-28 00:00:00+00:00,0.0001195
2023-06-29 00:00:00+00:00,0.00012937
2023-06-30 00:00:00+00:00,0.00015000000000000001
2023-07-01 00:00:00+00:00,0.00015000000000000001
2023-07-02 00:00:00+00:00,0.00015000000000000001
2023-07-03 00:00:00+00:00,0.00015000000000000001
2023-07-04 00:00:00+00:00,0.00015000000000000001
2023-07-05 00:00:00+00:00,0.00015000000000000001
2023-07-06 00:00:00+00:00,9.606000000000001e-05
2023-07-07 00:00:00+00:00,2.1304999999999997e-05
2023-07-08 00:00:00+00:00,4.037e-05
2023-07-09 00:00:00+00:00,9.340499999999999e-05
2023-07-10 00:00:00+00:00,2.8315e-05
2023-07-11 00:00:00+00:00,0.000101145
2023-07-12 00:00:00+00:00,9.084999999999999e-05
2023-07-13 00:00:00+00:00,2.757e-05
2023-07-14 00:00:00+00:00,0.00015000000000000001
2023-07-15 00:00:00+00:00,-6.609999999999999e-06
2023-07-16 00:00:00+00:00,7.173999999999999e-05
2023-07-17 00:00:00+00:00,7.662000000000001e-05
2023-07-18 00:00:00+00:00,9.129e-05
2023-07-19 00:00:00+00:00,0.00011457
2023-07-20 00:00:00+00:00,8.928e-05
2023-07-21 00:00:00+00:00,3.6855e-05
2023-07-22 00:00:00+00:00,1.658e-05
2023-07-23 00:00:00+00:00,0.0001114
2023-07-24 00:00:00+00:00,0.00012169000000000001
2023-07-25 00:00:00+00:00,0.0001204
2023-07-26 00:00:00+00:00,0.000126095
2023-07-27 00:00:00+00:00,4.9210000000000005e-05
2023-07-28 00:00:00+00:00,0.00010524
2023-07-29 00:00:00+00:00,0.00011048500000000001
2023-07-30 00:00:00+00:00,9.033999999999999e-05
2023-07-31 00:00:00+00:00,8.985e-05
2023-08-01 00:00:00+00:00,0.00011533999999999999
2023-08-02 00:00:00+00:00,0.00015000000000000001
2023-08-03 00:00:00+00:00,0.00015000000000000001
2023-08-04 00:00:00+00:00,0.00014058
2023-08-05 00:00:00+00:00,0.00012090500000000001
2023-08-06 00:00:00+00:00,0.00015000000000000001
2023-08-07 00:00:00+00:00,0.000138345
2023-08-08 00:00:00+00:00,0.0001254
2023-08-09 00:00:00+00:00,0.00013257
2023-08-10 00:00:00+00:00,0.000141385
2023-08-11 00:00:00+00:00,0.000135615
2023-08-12 00:00:00+00:00,0.000146525
2023-08-13 00:00:00+00:00,0.000123185
2023-08-14 00:00:00+00:00,0.00015000000000000001
2023-08-15 00:00:00+00:00,0.00015000000000000001
2023-08-16 00:00:00+00:00,0.00015000000000000001
2023-08-17 00:00:00+00:00,0.00015000000000000001
2023-08-18 00:00:00+00:00,7.56e-05
2023-08-19 00:00:00+00:00,-2.9409999999999998e-05
2023-08-20 00:00:00+00:00,-3.813e-05
2023-08-21 00:00:00+00:00,-1.8e-05
2023-08-22 00:00:00+00:00,4.06e-06
2023-08-23 00:00:00+00:00,1.4829999999999999e-05
2023-08-24 00:00:00+00:00,2.2919999999999997e-05
2023-08-25 00:00:00+00:00,3.6805e-05
2023-08-26 00:00:00+00:00,5.6250000000000005e-05
2023-08-27 00:00:00+00:00,2.6535000000000003e-05
2023-08-28 00:00:00+00:00,4.2765e-05
2023-08-29 00:00:00+00:00,-3.1704999999999995e-05
2023-08-30 00:00:00+00:00,7.2715e-05
2023-08-31 00:00:00+00:00,8.9365e-05
2023-09-01 00:00:00+00:00,7.4025e-05
2023-09-02 00:00:00+00:00,2.4585000000000003e-05
2023-09-03 00:00:00+00:00,3.982e-05
2023-09-04 00:00:00+00:00,1.55e-05
2023-09-05 00:00:00+00:00,2.697e-05
2023-09-06 00:00:00+00:00,5.545e-06
2023-09-07 00:00:00+00:00,7.3185e-05
2023-09-08 00:00:00+00:00,-1.352e-05
2023-09-09 00:00:00+00:00,-2.0055e-05
2023-09-10 00:00:00+00:00,2.9149999999999997e-05
2023-09-11 00:00:00+00:00,1.6805e-05
2023-09-12 00:00:00+00:00,2.3265000000000002e-05
2023-09-13 00:00:00+00:00,3.3505e-05
2023-09-14 00:00:00+00:00,-4.295000000000002e-06
2023-09-15 00:00:00+00:00,2.0795e-05
2023-09-16 00:00:00+00:00,-4.431e-05
2023-09-17 00:00:00+00:00,1.344e-05
2023-09-18 00:00:00+00:00,-3.3515e-05
2023-09-19 00:00:00+00:00,-6.300000000000001e-06
2023-09-20 00:00:00+00:00,-3.6910000000000004e-05
2023-09-21 00:00:00+00:00,5.8515e-05
2023-09-22 00:00:00+00:00,1.5539999999999997e-05
2023-09-23 00:00:00+00:00,4.220500000000001e-05
2023-09-24 00:00:00+00:00,3.1079999999999994e-05
2023-09-25 00:00:00+00:00,6.0485e-05
2023-09-26 00:00:00+00:00,2.5050000000000006e-06
2023-09-27 00:00:00+00:00,7.698e-05
2023-09-28 00:00:00+00:00,-2.8195e-05
2023-09-29 00:00:00+00:00,-2.9925000000000002e-05
2023-09-30 00:00:00+00:00,2.016e-05
2023-10-01 00:00:00+00:00,-0.0008500000000000001
2023-10-02 00:00:00+00:00,0.0
2023-10-03 00:00:00+00:00,0.0
2023-10-04 00:00:00+00:00,0.0
2023-10-05 00:00:00+00:00,0.0
2023-10-06 00:00:00+00:00,0.0
2023-10-07 00:00:00+00:00,0.0
2023-10-08 00:00:00+00:00,0.0
2023-10-09 00:00:00+00:00,0.0
2023-10-10 00:00:00+00:00,0.0
2023-10-11 00:00:00+00:00,0.0
2023-10-12 00:00:00+00:00,0.0
2023-10-13 00:00:00+00:00,0.0
2023-10-14 00:00:00+00:00,0.0
2023-10-15 00:00:00+00:00,0.0
2023-10-16 00:00:00+00:00,0.0
2023-10-17 00:00:00+00:00,0.0
2023-10-18 00:00:00+00:00,0.0
2023-10-19 00:00:00+00:00,0.0
2023-10-20 00:00:00+00:00,0.0
2023-10-21 00:00:00+00:00,0.0
2023-10-22 00:00:00+00:00,0.0
2023-10-23 00:00:00+00:00,0.0
2023-10-24 00:00:00+00:00,0.0
2023-10-25 00:00:00+00:00,0.0
2023-10-26 00:00:00+00:00,0.0
2023-10-27 00:00:00+00:00,0.0
2023-10-28 00:00:00+00:00,0.0
2023-10-29 00:00:00+00:00,0.0
2023-10-30 00:00:00+00:00,0.0
2023-10-31 00:00:00+00:00,0.0
2023-11-01 00:00:00+00:00,0.0
2023-11-02 00:00:00+00:00,0.0
2023-11-03 00:00:00+00:00,0.0
2023-11-04 00:00:00+00:00,0.0
2023-11-05 00:00:00+00:00,0.0
2023-11-06 00:00:00+00:00,0.0
2023-11-07 00:00:00+00:00,0.0
2023-11-08 00:00:00+00:00,0.0
2023-11-09 00:00:00+00:00,0.0
2023-11-10 00:00:00+00:00,0.0
2023-11-11 00:00:00+00:00,0.0
2023-11-12 00:00:00+00:00,0.0
2023-11-13 00:00:00+00:00,0.0
2023-11-14 00:00:00+00:00,0.0
2023-11-15 00:00:00+00:00,0.0
2023-11-16 00:00:00+00:00,0.0
2023-11-17 00:00:00+00:00,0.0
2023-11-18 00:00:00+00:00,0.0
2023-11-19 00:00:00+00:00,0.0
2023-11-20 00:00:00+00:00,0.0
2023-11-21 00:00:00+00:00,0.0
2023-11-22 00:00:00+00:00,0.0
2023-11-23 00:00:00+00:00,0.0
2023-11-24 00:00:00+00:00,0.0
2023-11-25 00:00:00+00:00,0.0
2023-11-26 00:00:00+00:00,0.0
2023-11-27 00:00:00+00:00,0.0
2023-11-28 00:00:00+00:00,0.0
2023-11-29 00:00:00+00:00,0.0
2023-11-30 00:00:00+00:00,0.0
2023-12-01 00:00:00+00:00,-0.0007000000000000001
2023-12-02 00:00:00+00:00,0.00012732
2023-12-03 00:00:00+00:00,0.00015000000000000001
2023-12-04 00:00:00+00:00,0.00015000000000000001
2023-12-05 00:00:00+00:00,0.00015000000000000001
2023-12-06 00:00:00+00:00,0.00015000000000000001
2023-12-07 00:00:00+00:00,0.00015000000000000001
2023-12-08 00:00:00+00:00,0.00026765000000000003
2023-12-09 00:00:00+00:00,0.000294275
2023-12-10 00:00:00+00:00,0.00032515
2023-12-11 00:00:00+00:00,0.00017365
2023-12-12 00:00:00+00:00,0.00015000000000000001
2023-12-13 00:00:00+00:00,0.00017336
2023-12-14 00:00:00+00:00,0.00015000000000000001
2023-12-15 00:00:00+00:00,0.00015000000000000001
2023-12-16 00:00:00+00:00,0.00015000000000000001
2023-12-17 00:00:00+00:00,0.00015000000000000001
2023-12-18 00:00:00+00:00,0.00019483
2023-12-19 00:00:00+00:00,0.00015000000000000001
2023-12-20 00:00:00+00:00,0.00022071500000000002
2023-12-21 00:00:00+00:00,0.000426535
2023-12-22 00:00:00+00:00,0.000392135
2023-12-23 00:00:00+00:00,0.000206755
2023-12-24 00:00:00+00:00,0.000252595
2023-12-25 00:00:00+00:00,0.00028954
2023-12-26 00:00:00+00:00,0.000483535
2023-12-27 00:00:00+00:00,0.000489335
2023-12-28 00:00:00+00:00,0.00050526
2023-12-29 00:00:00+00:00,0.00076082
2023-12-30 00:00:00+00:00,0.000572275
2023-12-31 00:00:00+00:00,0.00048012500000000003
2024-01-01 00:00:00+00:00,0.000491115
2024-01-02 00:00:00+00:00,0.000773775
2024-01-03 00:00:00+00:00,0.00024140999999999998
2024-01-04 00:00:00+00:00,0.00015000000000000001
2024-01-05 00:00:00+00:00,0.00015000000000000001
2024-01-06 00:00:00+00:00,0.00015000000000000001
2024-01-07 00:00:00+00:00,0.00015000000000000001
2024-01-08 00:00:00+00:00,0.00015000000000000001
2024-01-09 00:00:00+00:00,0.00015000000000000001
2024-01-10 00:00:00+00:00,0.00015000000000000001
2024-01-11 00:00:00+00:00,0.00015000000000000001
2024-01-12 00:00:00+00:00,0.00015000000000000001
2024-01-13 00:00:00+00:00,0.00015000000000000001
2024-01-14 00:00:00+00:00,0.00015000000000000001
2024-01-15 00:00:00+00:00,0.00015000000000000001
2024-01-16 00:00:00+00:00,0.00015000000000000001
2024-01-17 00:00:00+00:00,0.00015000000000000001
2024-01-18 00:00:00+00:00,0.00015000000000000001
2024-01-19 00:00:00+00:00,0.00015000000000000001
2024-01-20 00:00:00+00:00,0.00015000000000000001
2024-01-21 00:00:00+00:00,0.00015000000000000001
2024-01-22 00:00:00+00:00,0.00015000000000000001
2024-01-23 00:00:00+00:00,0.00015000000000000001
2024-01-24 00:00:00+00:00,0.00015000000000000001
2024-01-25 00:00:00+00:00,0.00015000000000000001
2024-01-26 00:00:00+00:00,0.00015000000000000001
2024-01-27 00:00:00+00:00,0.00013633000000000002
2024-01-28 00:00:00+00:00,0.000123625
2024-01-29 00:00:00+00:00,0.00014571
2024-01-30 00:00:00+00:00,0.000123205
2024-01-31 00:00:00+00:00,0.00011077
2024-02-01 00:00:00+00:00,0.00015000000000000001
2024-02-02 00:00:00+00:00,0.00015000000000000001
2024-02-03 00:00:00+00:00,0.000123485
2024-02-04 00:00:00+00:00,0.000135765
2024-02-05 00:00:00+00:00,0.00015000000000000001
2024-02-06 00:00:00+00:00,0.00013361500000000001
2024-02-07 00:00:00+00:00,0.00010602999999999999
2024-02-08 00:00:00+00:00,9.562500000000001e-05
2024-02-09 00:00:00+00:00,0.000114805
2024-02-10 00:00:00+00:00,0.000140205
2024-02-11 00:00:00+00:00,0.00015000000000000001
2024-02-12 00:00:00+00:00,0.00015000000000000001
2024-02-13 00:00:00+00:00,0.00015000000000000001
2024-02-14 00:00:00+00:00,0.00016141499999999999
2024-02-15 00:00:00+00:00,0.00015000000000000001
2024-02-16 00:00:00+00:00,0.00015000000000000001
2024-02-17 00:00:00+00:00,0.00018020500000000001
2024-02-18 00:00:00+00:00,0.0002482
2024-02-19 00:00:00+00:00,0.000279925
2024-02-20 00:00:00+00:00,0.00020815999999999999
2024-02-21 00:00:00+00:00,0.00015621
2024-02-22 00:00:00+00:00,0.00018018500000000002
2024-02-23 00:00:00+00:00,0.000164955
2024-02-24 00:00:00+00:00,0.00015000000000000001
2024-02-25 00:00:00+00:00,0.00020755999999999997
2024-02-26 00:00:00+00:00,0.000377775
2024-02-27 00:00:00+00:00,0.0006437400000000001
2024-02-28 00:00:00+00:00,0.0005197450000000001
2024-02-29 00:00:00+00:00,0.001012295
2024-03-01 00:00:00+00:00,0.00082078
2024-03-02 00:00:00+00:00,0.0007349800000000001
2024-03-03 00:00:00+00:00,0.00066927
2024-03-04 00:00:00+00:00,0.00082762
2024-03-05 00:00:00+00:00,0.001100385
2024-03-06 00:00:00+00:00,0.00059755
2024-03-07 00:00:00+00:00,0.00062756
2024-03-08 00:00:00+00:00,0.000706145
2024-03-09 00:00:00+00:00,0.00038411
2024-03-10 00:00:00+00:00,0.0007447
2024-03-11 00:00:00+00:00,0.000901565
2024-03-12 00:00:00+00:00,0.0006885249999999999
2024-03-13 00:00:00+00:00,0.0007152300000000001
2024-03-14 00:00:00+00:00,0.00050702
2024-03-15 00:00:00+00:00,0.000340745
2024-03-16 00:00:00+00:00,0.000270075
2024-03-17 00:00:00+00:00,0.000278445
2024-03-18 00:00:00+00:00,0.000389865
2024-03-19 00:00:00+00:00,0.00040003
2024-03-20 00:00:00+00:00,0.000221175
2024-03-21 00:00:00+00:00,0.000246085
2024-03-22 00:00:00+00:00,0.00019131999999999998
2024-03-23 00:00:00+00:00,0.00015403000000000001
2024-03-24 00:00:00+00:00,0.000204255
2024-03-25 00:00:00+00:00,0.00035344
2024-03-26 00:00:00+00:00,0.000335375
2024-03-27 00:00:00+00:00,0.000509695
2024-03-28 00:00:00+00:00,0.00041761999999999995
2024-03-29 00:00:00+00:00,0.00036938
2024-03-30 00:00:00+00:00,0.000431255
2024-03-31 00:00:00+00:00,0.0005627049999999999
2024-04-01 00:00:00+00:00,0.000655605
2024-04-02 00:00:00+00:00,0.00018691
2024-04-03 00:00:00+00:00,0.00015000000000000001
2024-04-04 00:00:00+00:00,0.00015000000000000001
2024-04-05 00:00:00+00:00,0.00015000000000000001
2024-04-06 00:00:00+00:00,0.00015000000000000001
2024-04-07 00:00:00+00:00,0.00015000000000000001
2024-04-08 00:00:00+00:00,0.000275945
2024-04-09 00:00:00+00:00,0.000302895
2024-04-10 00:00:00+00:00,0.00017193000000000002
2024-04-11 00:00:00+00:00,0.000269475
2024-04-12 00:00:00+00:00,0.00024551
2024-04-13 00:00:00+00:00,0.00015000000000000001
2024-04-14 00:00:00+00:00,0.00015000000000000001
2024-04-15 00:00:00+00:00,0.000108795
2024-04-16 00:00:00+00:00,9.4955e-05
2024-04-17 00:00:00+00:00,8.2415e-05
2024-04-18 00:00:00+00:00,4.7925e-05
2024-04-19 00:00:00+00:00,4.7005e-05
2024-04-20 00:00:00+00:00,6.719e-05
2024-04-21 00:00:00+00:00,4.682e-05
2024-04-22 00:00:00+00:00,3.9019999999999996e-05
2024-04-23 00:00:00+00:00,1.4605000000000002e-05
2024-04-24 00:00:00+00:00,6.880999999999999e-05
2024-04-25 00:00:00+00:00,6.1145e-05
2024-04-26 00:00:00+00:00,3.978e-05
2024-04-27 00:00:00+00:00,0.00010152
2024-04-28 00:00:00+00:00,8.535000000000002e-06
2024-04-29 00:00:00+00:00,7.422e-05
2024-04-30 00:00:00+00:00,0.00014447
2024-05-01 00:00:00+00:00,0.00014424000000000001
2024-05-02 00:00:00+00:00,6.34e-05
2024-05-03 00:00:00+00:00,1.3889999999999997e-05
2024-05-04 00:00:00+00:00,8.211500000000001e-05
2024-05-05 00:00:00+00:00,5.7230000000000006e-05
2024-05-06 00:00:00+00:00,3.6584999999999996e-05
2024-05-07 00:00:00+00:00,8.3365e-05
2024-05-08 00:00:00+00:00,9.868e-05
2024-05-09 00:00:00+00:00,8.108e-05
2024-05-10 00:00:00+00:00,7.3065e-05
2024-05-11 00:00:00+00:00,8.8595e-05
2024-05-12 00:00:00+00:00,7.717e-05
2024-05-13 00:00:00+00:00,0.0001381
2024-05-14 00:00:00+00:00,0.00012129
2024-05-15 00:00:00+00:00,5.9940000000000005e-05
2024-05-16 00:00:00+00:00,5.397e-05
2024-05-17 00:00:00+00:00,2.582e-05
2024-05-18 00:00:00+00:00,3.924e-05
2024-05-19 00:00:00+00:00,6.664e-05
2024-05-20 00:00:00+00:00,5.319e-05
2024-05-21 00:00:00+00:00,0.000152585
2024-05-22 00:00:00+00:00,0.00017879499999999998
2024-05-23 00:00:00+00:00,0.00015000000000000001
2024-05-24 00:00:00+00:00,0.00015000000000000001
2024-05-25 00:00:00+00:00,0.00015000000000000001
2024-05-26 00:00:00+00:00,0.00015000000000000001
2024-05-27 00:00:00+00:00,0.00015000000000000001
2024-05-28 00:00:00+00:00,0.00015000000000000001
2024-05-29 00:00:00+00:00,0.00016279
2024-05-30 00:00:00+00:00,0.00015000000000000001
2024-05-31 00:00:00+00:00,0.00018433500000000002
2024-06-01 00:00:00+00:00,0.00015125000000000002
2024-06-02 00:00:00+00:00,0.00015000000000000001
2024-06-03 00:00:00+00:00,0.000170675
2024-06-04 00:00:00+00:00,0.00016004
2024-06-05 00:00:00+00:00,0.00019806499999999998
2024-06-06 00:00:00+00:00,0.00016104
2024-06-07 00:00:00+00:00,0.00015083000000000002
2024-06-08 00:00:00+00:00,0.00015000000000000001
2024-06-09 00:00:00+00:00,0.00015000000000000001
2024-06-10 00:00:00+00:00,0.00015000000000000001
2024-06-11 00:00:00+00:00,0.00015000000000000001
2024-06-12 00:00:00+00:00,0.00015000000000000001
2024-06-13 00:00:00+00:00,0.00015000000000000001
2024-06-14 00:00:00+00:00,0.00015000000000000001
2024-06-15 00:00:00+00:00,0.00015000000000000001
2024-06-16 00:00:00+00:00,0.00015000000000000001
2024-06-17 00:00:00+00:00,0.00015000000000000001
2024-06-18 00:00:00+00:00,0.00014118
2024-06-19 00:00:00+00:00,8.547e-05
2024-06-20 00:00:00+00:00,8.383e-05
2024-06-21 00:00:00+00:00,0.00010336000000000001
2024-06-22 00:00:00+00:00,0.00012072999999999999
2024-06-23 00:00:00+00:00,8.4915e-05
2024-06-24 00:00:00+00:00,0.00013511
2024-06-25 00:00:00+00:00,0.00010574
2024-06-26 00:00:00+00:00,0.00015000000000000001
2024-06-27 00:00:00+00:00,0.00015000000000000001
2024-06-28 00:00:00+00:00,0.00015000000000000001
2024-06-29 00:00:00+00:00,0.00015000000000000001
2024-06-30 00:00:00+00:00,0.00015000000000000001
2024-07-01 00:00:00+00:00,0.00015000000000000001
2024-07-02 00:00:00+00:00,0.00015000000000000001
2024-07-03 00:00:00+00:00,0.00015000000000000001
2024-07-04 00:00:00+00:00,0.00015000000000000001
2024-07-05 00:00:00+00:00,0.00010881000000000001
2024-07-06 00:00:00+00:00,8.245500000000001e-05
2024-07-07 00:00:00+00:00,0.00014082
2024-07-08 00:00:00+00:00,0.00013063499999999999
2024-07-09 00:00:00+00:00,0.00010430500000000001
2024-07-10 00:00:00+00:00,0.00012355
2024-07-11 00:00:00+00:00,0.00015000000000000001
2024-07-12 00:00:00+00:00,6.7205e-05
2024-07-13 00:00:00+00:00,0.00012592
2024-07-14 00:00:00+00:00,0.00010394500000000001
2024-07-15 00:00:00+00:00,3.639e-05
2024-07-16 00:00:00+00:00,3.2345e-05
2024-07-17 00:00:00+00:00,2.494999999999999e-06
2024-07-18 00:00:00+00:00,2.681e-05
2024-07-19 00:00:00+00:00,6.745e-05
2024-07-20 00:00:00+00:00,2.445000000000001e-06
2024-07-21 00:00:00+00:00,-1.2365000000000003e-05
2024-07-22 00:00:00+00:00,8.929000000000001e-05
2024-07-23 00:00:00+00:00,6.8305e-05
2024-07-24 00:00:00+00:00,0.00015000000000000001
2024-07-25 00:00:00+00:00,0.00015000000000000001
2024-07-26 00:00:00+00:00,0.0001167
2024-07-27 00:00:00+00:00,0.00011839
2024-07-28 00:00:00+00:00,0.00010080500000000001
2024-07-29 00:00:00+00:00,0.00011992
2024-07-30 00:00:00+00:00,7.3245e-05
2024-07-31 00:00:00+00:00,7.0335e-05
2024-08-01 00:00:00+00:00,0.00014104
2024-08-02 00:00:00+00:00,0.00015000000000000001
2024-08-03 00:00:00+00:00,0.000120175
2024-08-04 00:00:00+00:00,0.000126715
2024-08-05 00:00:00+00:00,0.00010198
2024-08-06 00:00:00+00:00,2.603e-05
2024-08-07 00:00:00+00:00,-2.1740000000000002e-05
2024-08-08 00:00:00+00:00,3.435e-05
2024-08-09 00:00:00+00:00,6.012e-05
2024-08-10 00:00:00+00:00,-3.635e-05
2024-08-11 00:00:00+00:00,1.6975e-05
2024-08-12 00:00:00+00:00,3.829e-05
2024-08-13 00:00:00+00:00,1.3795e-05
2024-08-14 00:00:00+00:00,-3.9945e-05
2024-08-15 00:00:00+00:00,-4.165e-05
2024-08-16 00:00:00+00:00,-9.589499999999999e-05
2024-08-17 00:00:00+00:00,2.9685e-05
2024-08-18 00:00:00+00:00,-2.529999999999998e-06
2024-08-19 00:00:00+00:00,-6.1615e-05
2024-08-20 00:00:00+00:00,5.599999999999997e-07
2024-08-21 00:00:00+00:00,-3.4755e-05
2024-08-22 00:00:00+00:00,-4.0759999999999996e-05
2024-08-23 00:00:00+00:00,-2.6275000000000002e-05
2024-08-24 00:00:00+00:00,2.45e-05
2024-08-25 00:00:00+00:00,-1.6145e-05
2024-08-26 00:00:00+00:00,4.8379999999999994e-05
2024-08-27 00:00:00+00:00,6.1495e-05
2024-08-28 00:00:00+00:00,-1.6135e-05
2024-08-29 00:00:00+00:00,-1.0305e-05
2024-08-30 00:00:00+00:00,3.7205e-05
2024-08-31 00:00:00+00:00,2.8145000000000002e-05
2024-09-01 00:00:00+00:00,-0.0008500000000000001
2024-09-02 00:00:00+00:00,0.0
2024-09-03 00:00:00+00:00,0.0
2024-09-04 00:00:00+00:00,0.0
2024-09-05 00:00:00+00:00,0.0
2024-09-06 00:00:00+00:00,0.0
2024-09-07 00:00:00+00:00,0.0
2024-09-08 00:00:00+00:00,0.0
2024-09-09 00:00:00+00:00,0.0
2024-09-10 00:00:00+00:00,0.0
2024-09-11 00:00:00+00:00,0.0
2024-09-12 00:00:00+00:00,0.0
2024-09-13 00:00:00+00:00,0.0
2024-09-14 00:00:00+00:00,0.0
2024-09-15 00:00:00+00:00,0.0
2024-09-16 00:00:00+00:00,0.0
2024-09-17 00:00:00+00:00,0.0
2024-09-18 00:00:00+00:00,0.0
2024-09-19 00:00:00+00:00,0.0
2024-09-20 00:00:00+00:00,0.0
2024-09-21 00:00:00+00:00,0.0
2024-09-22 00:00:00+00:00,0.0
2024-09-23 00:00:00+00:00,0.0
2024-09-24 00:00:00+00:00,0.0
2024-09-25 00:00:00+00:00,0.0
2024-09-26 00:00:00+00:00,0.0
2024-09-27 00:00:00+00:00,0.0
2024-09-28 00:00:00+00:00,0.0
2024-09-29 00:00:00+00:00,0.0
2024-09-30 00:00:00+00:00,0.0
2024-10-01 00:00:00+00:00,0.0
2024-10-02 00:00:00+00:00,0.0
2024-10-03 00:00:00+00:00,0.0
2024-10-04 00:00:00+00:00,0.0
2024-10-05 00:00:00+00:00,0.0
2024-10-06 00:00:00+00:00,0.0
2024-10-07 00:00:00+00:00,0.0
2024-10-08 00:00:00+00:00,0.0
2024-10-09 00:00:00+00:00,0.0
2024-10-10 00:00:00+00:00,0.0
2024-10-11 00:00:00+00:00,0.0
2024-10-12 00:00:00+00:00,0.0
2024-10-13 00:00:00+00:00,0.0
2024-10-14 00:00:00+00:00,0.0
2024-10-15 00:00:00+00:00,0.0
2024-10-16 00:00:00+00:00,0.0
2024-10-17 00:00:00+00:00,0.0
2024-10-18 00:00:00+00:00,0.0
2024-10-19 00:00:00+00:00,0.0
2024-10-20 00:00:00+00:00,0.0
2024-10-21 00:00:00+00:00,0.0
2024-10-22 00:00:00+00:00,0.0
2024-10-23 00:00:00+00:00,0.0
2024-10-24 00:00:00+00:00,0.0
2024-10-25 00:00:00+00:00,0.0
2024-10-26 00:00:00+00:00,0.0
2024-10-27 00:00:00+00:00,0.0
2024-10-28 00:00:00+00:00,0.0
2024-10-29 00:00:00+00:00,0.0
2024-10-30 00:00:00+00:00,0.0
2024-10-31 00:00:00+00:00,0.0
2024-11-01 00:00:00+00:00,-0.0007000000000000001
2024-11-02 00:00:00+00:00,0.00015000000000000001
2024-11-03 00:00:00+00:00,0.00015000000000000001
2024-11-04 00:00:00+00:00,0.00015000000000000001
2024-11-05 00:00:00+00:00,0.00015000000000000001
2024-11-06 00:00:00+00:00,0.00015000000000000001
2024-11-07 00:00:00+00:00,0.00015000000000000001
2024-11-08 00:00:00+00:00,0.00015000000000000001
2024-11-09 00:00:00+00:00,0.00015000000000000001
2024-11-10 00:00:00+00:00,0.00024858
2024-11-11 00:00:00+00:00,0.00028439
2024-11-12 00:00:00+00:00,0.00065812
2024-11-13 00:00:00+00:00,0.00022478500000000002
2024-11-14 00:00:00+00:00,0.00015000000000000001
2024-11-15 00:00:00+00:00,0.000154885
2024-11-16 00:00:00+00:00,0.00016615500000000002
2024-11-17 00:00:00+00:00,0.00018171
2024-11-18 00:00:00+00:00,0.00033884
2024-11-19 00:00:00+00:00,0.000348905
2024-11-20 00:00:00+00:00,0.00015000000000000001
2024-11-21 00:00:00+00:00,0.00015000000000000001
2024-11-22 00:00:00+00:00,0.00015000000000000001
2024-11-23 00:00:00+00:00,0.00015000000000000001
2024-11-24 00:00:00+00:00,0.00024688
2024-11-25 00:00:00+00:00,0.00028134
2024-11-26 00:00:00+00:00,0.00034718499999999996
2024-11-27 00:00:00+00:00,0.00029
2024-11-28 00:00:00+00:00,0.00018092500000000002
2024-11-29 00:00:00+00:00,0.000271435
2024-11-30 00:00:00+00:00,0.00018986
2024-12-01 00:00:00+00:00,0.00022741000000000002
2024-12-02 00:00:00+00:00,0.000318345
2024-12-03 00:00:00+00:00,0.000248285
2024-12-04 00:00:00+00:00,0.00038061
2024-12-05 00:00:00+00:00,0.00073565
2024-12-06 00:00:00+00:00,0.00017317
2024-12-07 00:00:00+00:00,0.00029218
2024-12-08 00:00:00+00:00,0.00025568499999999996
2024-12-09 00:00:00+00:00,0.0003128
2024-12-10 00:00:00+00:00,0.00015000000000000001
2024-12-11 00:00:00+00:00,0.00015000000000000001
2024-12-12 00:00:00+00:00,0.00015000000000000001
2024-12-13 00:00:00+00:00,0.00015000000000000001
2024-12-14 00:00:00+00:00,0.00013375
2024-12-15 00:00:00+00:00,0.00014097
2024-12-16 00:00:00+00:00,0.000145905
2024-12-17 00:00:00+00:00,0.00013933
2024-12-18 00:00:00+00:00,0.000145795
2024-12-19 00:00:00+00:00,0.00015000000000000001
2024-12-20 00:00:00+00:00,0.00015000000000000001
2024-12-21 00:00:00+00:00,0.00010603000000000001
2024-12-22 00:00:00+00:00,0.000148145
2024-12-23 00:00:00+00:00,0.000144905
2024-12-24 00:00:00+00:00,0.00015000000000000001
2024-12-25 00:00:00+00:00,0.00015000000000000001
2024-12-26 00:00:00+00:00,0.000129325
2024-12-27 00:00:00+00:00,0.00015000000000000001
2024-12-28 00:00:00+00:00,0.00011406
2024-12-29 00:00:00+00:00,0.000140065
2024-12-30 00:00:00+00:00,9.3745e-05
2024-12-31 00:00:00+00:00,-0.0007000000000000001
