ts,ret
2020-01-01 00:00:00+00:00,0.0
2020-01-02 00:00:00+00:00,-0.0
2020-01-03 00:00:00+00:00,0.0
2020-01-04 00:00:00+00:00,0.0
2020-01-05 00:00:00+00:00,0.0
2020-01-06 00:00:00+00:00,0.0
2020-01-07 00:00:00+00:00,0.0
2020-01-08 00:00:00+00:00,-0.0
2020-01-09 00:00:00+00:00,-0.030532355977289826
2020-01-10 00:00:00+00:00,0.049689266223193584
2020-01-11 00:00:00+00:00,-0.022727909648852407
2020-01-12 00:00:00+00:00,0.020714264340644384
2020-01-13 00:00:00+00:00,-0.009002406341993674
2020-01-14 00:00:00+00:00,0.0877603845679773
2020-01-15 00:00:00+00:00,3.3994334277531735e-05
2020-01-16 00:00:00+00:00,-0.011355987898428288
2020-01-17 00:00:00+00:00,0.022193492781727997
2020-01-18 00:00:00+00:00,0.000704136916508169
2020-01-19 00:00:00+00:00,-0.024554621848739466
2020-01-20 00:00:00+00:00,-0.006415226543071695
2020-01-21 00:00:00+00:00,0.010685549132948058
2020-01-22 00:00:00+00:00,-0.0006000000000000001
2020-01-23 00:00:00+00:00,-0.0
2020-01-24 00:00:00+00:00,0.0
2020-01-25 00:00:00+00:00,-0.0
2020-01-26 00:00:00+00:00,0.0
2020-01-27 00:00:00+00:00,0.0
2020-01-28 00:00:00+00:00,0.0538526852756626
2020-01-29 00:00:00+00:00,-0.009360590191701657
2020-01-30 00:00:00+00:00,0.023055525722263992
2020-01-31 00:00:00+00:00,-0.016918494972007148
2020-02-01 00:00:00+00:00,0.0030145731063344616
2020-02-02 00:00:00+00:00,-0.005806612341020756
2020-02-03 00:00:00+00:00,-0.004022188430318652
2020-02-04 00:00:00+00:00,-0.01099816786801755
2020-02-05 00:00:00+00:00,-0.0006000000000000001
2020-02-06 00:00:00+00:00,0.014781100726895136
2020-02-07 00:00:00+00:00,0.004438481016800777
2020-02-08 00:00:00+00:00,0.008645301338285671
2020-02-09 00:00:00+00:00,0.026341477202180608
2020-02-10 00:00:00+00:00,-0.02968513028921904
2020-02-11 00:00:00+00:00,0.03684534887021118
2020-02-12 00:00:00+00:00,0.010844593735885866
2020-02-13 00:00:00+00:00,-0.009706005518380634
2020-02-14 00:00:00+00:00,0.011444749468486615
2020-02-15 00:00:00+00:00,-0.04266077811529023
2020-02-16 00:00:00+00:00,0.0006928902601011089
2020-02-17 00:00:00+00:00,-0.0006000000000000001
2020-02-18 00:00:00+00:00,0.0
2020-02-19 00:00:00+00:00,-0.0
2020-02-20 00:00:00+00:00,0.0
2020-02-21 00:00:00+00:00,0.0
2020-02-22 00:00:00+00:00,-0.0
2020-02-23 00:00:00+00:00,0.0
2020-02-24 00:00:00+00:00,-0.02877727232498457
2020-02-25 00:00:00+00:00,-0.0006000000000000001
2020-02-26 00:00:00+00:00,-0.0
2020-02-27 00:00:00+00:00,0.0
2020-02-28 00:00:00+00:00,-0.0
2020-02-29 00:00:00+00:00,-0.0
2020-03-01 00:00:00+00:00,0.0
2020-03-02 00:00:00+00:00,0.0
2020-03-03 00:00:00+00:00,-0.0
2020-03-04 00:00:00+00:00,-0.0
2020-03-05 00:00:00+00:00,0.0
2020-03-06 00:00:00+00:00,0.007859848545870452
2020-03-07 00:00:00+00:00,-0.026511355131801695
2020-03-08 00:00:00+00:00,-0.09651597472457563
2020-03-09 00:00:00+00:00,-0.0006000000000000001
2020-03-10 00:00:00+00:00,-0.0
2020-03-11 00:00:00+00:00,0.0
2020-03-12 00:00:00+00:00,-0.0
2020-03-13 00:00:00+00:00,0.0
2020-03-14 00:00:00+00:00,-0.0
2020-03-15 00:00:00+00:00,0.0
2020-03-16 00:00:00+00:00,-0.0
2020-03-17 00:00:00+00:00,0.0
2020-03-18 00:00:00+00:00,0.0
2020-03-19 00:00:00+00:00,0.0
2020-03-20 00:00:00+00:00,0.006570920189622621
2020-03-21 00:00:00+00:00,-0.0032367415297474
2020-03-22 00:00:00+00:00,-0.06040406294623435
2020-03-23 00:00:00+00:00,0.11250445339809345
2020-03-24 00:00:00+00:00,0.04292958984133266
2020-03-25 00:00:00+00:00,-0.010075163209633753
2020-03-26 00:00:00+00:00,0.009043352648795855
2020-03-27 00:00:00+00:00,-0.05644988832390818
2020-03-28 00:00:00+00:00,-0.019310190693838547
2020-03-29 00:00:00+00:00,-0.05692229916786351
2020-03-30 00:00:00+00:00,0.08760829573862328
2020-03-31 00:00:00+00:00,-0.0006000000000000001
2020-04-01 00:00:00+00:00,0.0
2020-04-02 00:00:00+00:00,0.0
2020-04-03 00:00:00+00:00,-0.009703852830616543
2020-04-04 00:00:00+00:00,0.018024309786323522
2020-04-05 00:00:00+00:00,-0.011998073302097567
2020-04-06 00:00:00+00:00,0.08226299694189598
2020-04-07 00:00:00+00:00,-0.01813198138615535
2020-04-08 00:00:00+00:00,0.02290592111665668
2020-04-09 00:00:00+00:00,-0.010738468480468
2020-04-10 00:00:00+00:00,-0.05781704024784817
2020-04-11 00:00:00+00:00,0.0023855977555551355
2020-04-12 00:00:00+00:00,0.003831729748130064
2020-04-13 00:00:00+00:00,-0.0096398532284524
2020-04-14 00:00:00+00:00,-0.0006000000000000001
2020-04-15 00:00:00+00:00,-0.0
2020-04-16 00:00:00+00:00,0.0
2020-04-17 00:00:00+00:00,-0.0
2020-04-18 00:00:00+00:00,0.0307252943421376
2020-04-19 00:00:00+00:00,-0.017175198345304565
2020-04-20 00:00:00+00:00,-0.041126547654336876
2020-04-21 00:00:00+00:00,-0.0006000000000000001
2020-04-22 00:00:00+00:00,0.0
2020-04-23 00:00:00+00:00,0.050423446431631255
2020-04-24 00:00:00+00:00,0.002774158632163237
2020-04-25 00:00:00+00:00,0.003984483169889641
2020-04-26 00:00:00+00:00,0.021258267509599804
2020-04-27 00:00:00+00:00,0.010375388118536444
2020-04-28 00:00:00+00:00,-0.004920246977103138
2020-04-29 00:00:00+00:00,0.1355330769479366
2020-04-30 00:00:00+00:00,-0.018150770701942154
2020-05-01 00:00:00+00:00,0.023856895728113114
2020-05-02 00:00:00+00:00,0.016381821229100924
2020-05-03 00:00:00+00:00,-0.008376433675982065
2020-05-04 00:00:00+00:00,-0.0029235955056180485
2020-05-05 00:00:00+00:00,0.01676812433654362
2020-05-06 00:00:00+00:00,0.013908130310170463
2020-05-07 00:00:00+00:00,0.09255629752947825
2020-05-08 00:00:00+00:00,-0.018760380190095072
2020-05-09 00:00:00+00:00,-0.02618610878012617
2020-05-10 00:00:00+00:00,-0.08702426112513562
2020-05-11 00:00:00+00:00,-0.0006000000000000001
2020-05-12 00:00:00+00:00,0.0
2020-05-13 00:00:00+00:00,0.0
2020-05-14 00:00:00+00:00,0.05107576303660781
2020-05-15 00:00:00+00:00,-0.0006000000000000001
2020-05-16 00:00:00+00:00,0.0
2020-05-17 00:00:00+00:00,0.0
2020-05-18 00:00:00+00:00,0.00482745467563921
2020-05-19 00:00:00+00:00,0.004371551006566499
2020-05-20 00:00:00+00:00,-0.027167974265473127
2020-05-21 00:00:00+00:00,-0.047129240196001176
2020-05-22 00:00:00+00:00,-0.0006000000000000001
2020-05-23 00:00:00+00:00,0.0
2020-05-24 00:00:00+00:00,-0.0
2020-05-25 00:00:00+00:00,0.0
2020-05-26 00:00:00+00:00,-0.0
2020-05-27 00:00:00+00:00,0.0
2020-05-28 00:00:00+00:00,0.0
2020-05-29 00:00:00+00:00,-0.015995643909509204
2020-05-30 00:00:00+00:00,0.028946346205687368
2020-05-31 00:00:00+00:00,-0.025638989169675108
2020-06-01 00:00:00+00:00,0.08321132957106547
2020-06-02 00:00:00+00:00,-0.07012767188403979
2020-06-03 00:00:00+00:00,0.015627069123164805
2020-06-04 00:00:00+00:00,0.01290824631425802
2020-06-05 00:00:00+00:00,-0.01747386939345108
2020-06-06 00:00:00+00:00,0.004856877561142392
2020-06-07 00:00:00+00:00,-0.0006000000000000001
2020-06-08 00:00:00+00:00,0.0029868521088022744
2020-06-09 00:00:00+00:00,-0.0006000000000000001
2020-06-10 00:00:00+00:00,0.010997824729882023
2020-06-11 00:00:00+00:00,-0.06140218654748253
2020-06-12 00:00:00+00:00,-0.0006000000000000001
2020-06-13 00:00:00+00:00,0.0
2020-06-14 00:00:00+00:00,-0.0
2020-06-15 00:00:00+00:00,0.0
2020-06-16 00:00:00+00:00,0.0
2020-06-17 00:00:00+00:00,-0.0
2020-06-18 00:00:00+00:00,-0.0
2020-06-19 00:00:00+00:00,-0.00855067787016912
2020-06-20 00:00:00+00:00,-0.0006000000000000001
2020-06-21 00:00:00+00:00,-0.0
2020-06-22 00:00:00+00:00,0.0
2020-06-23 00:00:00+00:00,-0.0063117845687876255
2020-06-24 00:00:00+00:00,-0.03460047385393594
2020-06-25 00:00:00+00:00,-0.0006000000000000001
2020-06-26 00:00:00+00:00,-0.0
2020-06-27 00:00:00+00:00,-0.0
2020-06-28 00:00:00+00:00,0.0
2020-06-29 00:00:00+00:00,0.0
2020-06-30 00:00:00+00:00,-0.0
2020-07-01 00:00:00+00:00,0.0
2020-07-02 00:00:00+00:00,-0.0
2020-07-03 00:00:00+00:00,-0.0
2020-07-04 00:00:00+00:00,0.0
2020-07-05 00:00:00+00:00,-0.00774881396667244
2020-07-06 00:00:00+00:00,-0.0006000000000000001
2020-07-07 00:00:00+00:00,-0.009282384684568944
2020-07-08 00:00:00+00:00,0.01917911197374078
2020-07-09 00:00:00+00:00,-0.021174046849963046
2020-07-10 00:00:00+00:00,0.005641881796567327
2020-07-11 00:00:00+00:00,-0.00590952791603272
2020-07-12 00:00:00+00:00,0.007276763957329235
2020-07-13 00:00:00+00:00,-0.006396299629382263
2020-07-14 00:00:00+00:00,-0.0006000000000000001
2020-07-15 00:00:00+00:00,-0.0
2020-07-16 00:00:00+00:00,-0.0
2020-07-17 00:00:00+00:00,0.0
2020-07-18 00:00:00+00:00,0.0
2020-07-19 00:00:00+00:00,0.0
2020-07-20 00:00:00+00:00,-0.0
2020-07-21 00:00:00+00:00,0.0
2020-07-22 00:00:00+00:00,0.013273014621841984
2020-07-23 00:00:00+00:00,0.009052084154125062
2020-07-24 00:00:00+00:00,-0.006737529947180465
2020-07-25 00:00:00+00:00,0.01695965281927103
2020-07-26 00:00:00+00:00,0.024552929498458553
2020-07-27 00:00:00+00:00,0.11146122263370373
2020-07-28 00:00:00+00:00,-0.01155366152587256
2020-07-29 00:00:00+00:00,0.017682331587902445
2020-07-30 00:00:00+00:00,-9.628337186184943e-05
2020-07-31 00:00:00+00:00,0.02085320681499936
2020-08-01 00:00:00+00:00,0.041233532680752694
2020-08-02 00:00:00+00:00,-0.06194852100763504
2020-08-03 00:00:00+00:00,0.013299072539739276
2020-08-04 00:00:00+00:00,-0.002406683132820997
2020-08-05 00:00:00+00:00,0.049325672653247166
2020-08-06 00:00:00+00:00,0.0015366943203574124
2020-08-07 00:00:00+00:00,-0.014825123018785802
2020-08-08 00:00:00+00:00,0.014630831506563524
2020-08-09 00:00:00+00:00,-0.0006000000000000001
2020-08-10 00:00:00+00:00,0.017447251452380175
2020-08-11 00:00:00+00:00,-0.04238502667503863
2020-08-12 00:00:00+00:00,0.01542399303409936
2020-08-13 00:00:00+00:00,-0.0006000000000000001
2020-08-14 00:00:00+00:00,-0.002475318066157816
2020-08-15 00:00:00+00:00,0.00774565363884272
2020-08-16 00:00:00+00:00,0.005244100702923582
2020-08-17 00:00:00+00:00,0.03160999326411784
2020-08-18 00:00:00+00:00,-0.027424650717267518
2020-08-19 00:00:00+00:00,-0.01646379545163823
2020-08-20 00:00:00+00:00,0.007994818031821005
2020-08-21 00:00:00+00:00,-0.026934740662780565
2020-08-22 00:00:00+00:00,-0.0006000000000000001
2020-08-23 00:00:00+00:00,-0.0
2020-08-24 00:00:00+00:00,0.0
2020-08-25 00:00:00+00:00,-0.0
2020-08-26 00:00:00+00:00,0.0
2020-08-27 00:00:00+00:00,-0.0
2020-08-28 00:00:00+00:00,0.0
2020-08-29 00:00:00+00:00,-0.0
2020-08-30 00:00:00+00:00,0.0
2020-08-31 00:00:00+00:00,-0.0053831082776882415
2020-09-01 00:00:00+00:00,-0.0006000000000000001
2020-09-02 00:00:00+00:00,-0.045295050703342346
2020-09-03 00:00:00+00:00,-0.0006000000000000001
2020-09-04 00:00:00+00:00,0.0
2020-09-05 00:00:00+00:00,-0.0
2020-09-06 00:00:00+00:00,0.0
2020-09-07 00:00:00+00:00,0.0
2020-09-08 00:00:00+00:00,-0.0
2020-09-09 00:00:00+00:00,0.0
2020-09-10 00:00:00+00:00,0.0
2020-09-11 00:00:00+00:00,0.0044213285525899655
2020-09-12 00:00:00+00:00,-0.0006000000000000001
2020-09-13 00:00:00+00:00,-0.011191783320623826
2020-09-14 00:00:00+00:00,0.03257059641431037
2020-09-15 00:00:00+00:00,0.010566292514136322
2020-09-16 00:00:00+00:00,0.01590363726456312
2020-09-17 00:00:00+00:00,-0.0011727987417075036
2020-09-18 00:00:00+00:00,-0.0008266782986886545
2020-09-19 00:00:00+00:00,0.013494974048830821
2020-09-20 00:00:00+00:00,-0.01439983239628162
2020-09-21 00:00:00+00:00,-0.04577031192162939
2020-09-22 00:00:00+00:00,-0.0006000000000000001
2020-09-23 00:00:00+00:00,-0.0
2020-09-24 00:00:00+00:00,0.0
2020-09-25 00:00:00+00:00,-0.0
2020-09-26 00:00:00+00:00,0.0
2020-09-27 00:00:00+00:00,0.0
2020-09-28 00:00:00+00:00,-0.0
2020-09-29 00:00:00+00:00,0.013011811307165933
2020-09-30 00:00:00+00:00,-0.0059038588241373535
2020-10-01 00:00:00+00:00,-0.01488628979857054
2020-10-02 00:00:00+00:00,-0.0006000000000000001
2020-10-03 00:00:00+00:00,-0.0
2020-10-04 00:00:00+00:00,0.0
2020-10-05 00:00:00+00:00,0.0
2020-10-06 00:00:00+00:00,-0.018342234585071848
2020-10-07 00:00:00+00:00,-0.0006000000000000001
2020-10-08 00:00:00+00:00,0.0
2020-10-09 00:00:00+00:00,0.011398772831964821
2020-10-10 00:00:00+00:00,0.02210946683715731
2020-10-11 00:00:00+00:00,0.006622522419628796
2020-10-12 00:00:00+00:00,0.014140351586996669
2020-10-13 00:00:00+00:00,-0.00962675926857448
2020-10-14 00:00:00+00:00,-0.00019528239761257282
2020-10-15 00:00:00+00:00,0.007433566929692548
2020-10-16 00:00:00+00:00,-0.01591723178577642
2020-10-17 00:00:00+00:00,0.00329801783209005
2020-10-18 00:00:00+00:00,0.012755090809025926
2020-10-19 00:00:00+00:00,0.021206667188355954
2020-10-20 00:00:00+00:00,0.013199659429544486
2020-10-21 00:00:00+00:00,0.0752972891664978
2020-10-22 00:00:00+00:00,0.01350414619488638
2020-10-23 00:00:00+00:00,-0.003319487357032691
2020-10-24 00:00:00+00:00,0.014317080076931221
2020-10-25 00:00:00+00:00,-0.006641049265953103
2020-10-26 00:00:00+00:00,0.0017990127312974558
2020-10-27 00:00:00+00:00,0.044617865540911295
2020-10-28 00:00:00+00:00,-0.027382756955928955
2020-10-29 00:00:00+00:00,0.01436915790910942
2020-10-30 00:00:00+00:00,0.007620485399709276
2020-10-31 00:00:00+00:00,0.017315515694008132
2020-11-01 00:00:00+00:00,-0.002239596974113578
2020-11-02 00:00:00+00:00,-0.01543824339082922
2020-11-03 00:00:00+00:00,0.03515443254109507
2020-11-04 00:00:00+00:00,0.008401496801994757
2020-11-05 00:00:00+00:00,0.10360887797140439
2020-11-06 00:00:00+00:00,-0.0004993989903037122
2020-11-07 00:00:00+00:00,-0.04917080154140596
2020-11-08 00:00:00+00:00,0.043769908137563096
2020-11-09 00:00:00+00:00,-0.009337435048987985
2020-11-10 00:00:00+00:00,-0.0022206681314551613
2020-11-11 00:00:00+00:00,0.025862587514089874
2020-11-12 00:00:00+00:00,0.03816257750040797
2020-11-13 00:00:00+00:00,0.0019350458161386808
2020-11-14 00:00:00+00:00,-0.015687593670307476
2020-11-15 00:00:00+00:00,-0.00698682997489497
2020-11-16 00:00:00+00:00,0.047316149989938605
2020-11-17 00:00:00+00:00,0.057636677167211214
2020-11-18 00:00:00+00:00,0.006695525356239296
2020-11-19 00:00:00+00:00,0.0013132212597930515
2020-11-20 00:00:00+00:00,0.0478691510289877
2020-11-21 00:00:00+00:00,0.0030903901617578278
2020-11-22 00:00:00+00:00,-0.015318350239477807
2020-11-23 00:00:00+00:00,-0.002881986634264977
2020-11-24 00:00:00+00:00,0.04338847583541994
2020-11-25 00:00:00+00:00,-0.02283515227605948
2020-11-26 00:00:00+00:00,-0.08464187022821335
2020-11-27 00:00:00+00:00,-0.0006000000000000001
2020-11-28 00:00:00+00:00,0.0
2020-11-29 00:00:00+00:00,0.0
2020-11-30 00:00:00+00:00,0.0
2020-12-01 00:00:00+00:00,-0.04863752535496953
2020-12-02 00:00:00+00:00,-0.0006000000000000001
2020-12-03 00:00:00+00:00,0.011233700300046823
2020-12-04 00:00:00+00:00,-0.039625816211543485
2020-12-05 00:00:00+00:00,0.025900922621917788
2020-12-06 00:00:00+00:00,0.011876149620684062
2020-12-07 00:00:00+00:00,-0.010433021488493899
2020-12-08 00:00:00+00:00,-0.0006000000000000001
2020-12-09 00:00:00+00:00,0.0
2020-12-10 00:00:00+00:00,-0.0
2020-12-11 00:00:00+00:00,-0.0
2020-12-12 00:00:00+00:00,0.0
2020-12-13 00:00:00+00:00,0.0
2020-12-14 00:00:00+00:00,0.0
2020-12-15 00:00:00+00:00,0.007402304015941153
2020-12-16 00:00:00+00:00,0.09893945454573538
2020-12-17 00:00:00+00:00,0.06887168100136809
2020-12-18 00:00:00+00:00,0.013470663746620204
2020-12-19 00:00:00+00:00,0.03126271657365498
2020-12-20 00:00:00+00:00,-0.015696549040393748
2020-12-21 00:00:00+00:00,-0.03164747863073092
2020-12-22 00:00:00+00:00,0.048257156809693
2020-12-23 00:00:00+00:00,-0.0247081146212762
2020-12-24 00:00:00+00:00,0.021480514685473517
2020-12-25 00:00:00+00:00,0.04181411306358229
2020-12-26 00:00:00+00:00,0.07193004448038831
2020-12-27 00:00:00+00:00,-0.007664993136249354
2020-12-28 00:00:00+00:00,0.030298445504462146
2020-12-29 00:00:00+00:00,0.011075296668297652
2020-12-30 00:00:00+00:00,0.0548906809990064
2020-12-31 00:00:00+00:00,0.0015459928550152213
2021-01-01 00:00:00+00:00,0.013314598669230904
2021-01-02 00:00:00+00:00,0.09758102011237635
2021-01-03 00:00:00+00:00,0.026541067971929122
2021-01-04 00:00:00+00:00,-0.030962775752672922
2021-01-05 00:00:00+00:00,0.06145439412420495
2021-01-06 00:00:00+00:00,0.08306470208991201
2021-01-07 00:00:00+00:00,0.07264999044093368
2021-01-08 00:00:00+00:00,0.02881876263958616
2021-01-09 00:00:00+00:00,-0.012333271731365558
2021-01-10 00:00:00+00:00,-0.04769703239283207
2021-01-11 00:00:00+00:00,-0.07360248780338485
2021-01-12 00:00:00+00:00,-0.03817053890510902
2021-01-13 00:00:00+00:00,0.09878086378971651
2021-01-14 00:00:00+00:00,0.04655772803931035
2021-01-15 00:00:00+00:00,-0.0006000000000000001
2021-01-16 00:00:00+00:00,-0.0
2021-01-17 00:00:00+00:00,-0.0
2021-01-18 00:00:00+00:00,0.0
2021-01-19 00:00:00+00:00,-0.02229250788974586
2021-01-20 00:00:00+00:00,-0.010894922770396942
2021-01-21 00:00:00+00:00,-0.0006000000000000001
2021-01-22 00:00:00+00:00,0.0
2021-01-23 00:00:00+00:00,-0.0
2021-01-24 00:00:00+00:00,0.0
2021-01-25 00:00:00+00:00,-0.0
2021-01-26 00:00:00+00:00,0.0
2021-01-27 00:00:00+00:00,-0.0
2021-01-28 00:00:00+00:00,0.0
2021-01-29 00:00:00+00:00,0.025436123024872904
2021-01-30 00:00:00+00:00,0.0005982021835839735
2021-01-31 00:00:00+00:00,-0.03393540654158589
2021-02-01 00:00:00+00:00,0.01267515963945165
2021-02-02 00:00:00+00:00,0.05836656373365723
2021-02-03 00:00:00+00:00,0.060512797691306464
2021-02-04 00:00:00+00:00,-0.017942495732688246
2021-02-05 00:00:00+00:00,0.03747525822181563
2021-02-06 00:00:00+00:00,0.02311858018150459
2021-02-07 00:00:00+00:00,-0.010198590862466217
2021-02-08 00:00:00+00:00,0.19568125510788503
2021-02-09 00:00:00+00:00,0.0008873805954277003
2021-02-10 00:00:00+00:00,-0.03532910871292472
2021-02-11 00:00:00+00:00,0.07157658862876248
2021-02-12 00:00:00+00:00,-0.014548001350805584
2021-02-13 00:00:00+00:00,-0.002943559293368314
2021-02-14 00:00:00+00:00,0.030358763634114938
2021-02-15 00:00:00+00:00,-0.013844971586804311
2021-02-16 00:00:00+00:00,0.02535056161135163
2021-02-17 00:00:00+00:00,0.060910680406537354
2021-02-18 00:00:00+00:00,-0.011014928358516696
2021-02-19 00:00:00+00:00,0.08493656491610757
2021-02-20 00:00:00+00:00,-0.0015479223842539414
2021-02-21 00:00:00+00:00,0.028077480698766255
2021-02-22 00:00:00+00:00,-0.058557670781247295
2021-02-23 00:00:00+00:00,-0.0959163801179207
2021-02-24 00:00:00+00:00,-0.0006000000000000001
2021-02-25 00:00:00+00:00,-0.0
2021-02-26 00:00:00+00:00,-0.0
2021-02-27 00:00:00+00:00,-0.0
2021-02-28 00:00:00+00:00,-0.0
2021-03-01 00:00:00+00:00,0.0
2021-03-02 00:00:00+00:00,-0.0
2021-03-03 00:00:00+00:00,0.0
2021-03-04 00:00:00+00:00,-0.04006460209930769
2021-03-05 00:00:00+00:00,0.007952751397776625
2021-03-06 00:00:00+00:00,0.0028221937943313513
2021-03-07 00:00:00+00:00,0.0426729990731618
2021-03-08 00:00:00+00:00,0.028123392620531318
2021-03-09 00:00:00+00:00,0.04746093939987528
2021-03-10 00:00:00+00:00,0.018758952018818054
2021-03-11 00:00:00+00:00,0.03389827479026031
2021-03-12 00:00:00+00:00,-0.00956858143174144
2021-03-13 00:00:00+00:00,0.06940667675201517
2021-03-14 00:00:00+00:00,-0.036402550719868865
2021-03-15 00:00:00+00:00,-0.05743013886856274
2021-03-16 00:00:00+00:00,0.023497927367003957
2021-03-17 00:00:00+00:00,0.0352003952650366
2021-03-18 00:00:00+00:00,-0.021353652538204426
2021-03-19 00:00:00+00:00,-0.0006000000000000001
2021-03-20 00:00:00+00:00,0.00037264358155935143
2021-03-21 00:00:00+00:00,-0.0006000000000000001
2021-03-22 00:00:00+00:00,-0.0
2021-03-23 00:00:00+00:00,0.0
2021-03-24 00:00:00+00:00,-0.0
2021-03-25 00:00:00+00:00,-0.0
2021-03-26 00:00:00+00:00,0.0
2021-03-27 00:00:00+00:00,0.0
2021-03-28 00:00:00+00:00,-0.0
2021-03-29 00:00:00+00:00,0.0
2021-03-30 00:00:00+00:00,0.018757934894701057
2021-03-31 00:00:00+00:00,0.00022247107535844357
2021-04-01 00:00:00+00:00,-0.0002249722993290515
2021-04-02 00:00:00+00:00,0.004036975875603588
2021-04-03 00:00:00+00:00,-0.03213054891501732
2021-04-04 00:00:00+00:00,0.019252065077846714
2021-04-05 00:00:00+00:00,0.017322688346328663
2021-04-06 00:00:00+00:00,-0.01997522424020637
2021-04-07 00:00:00+00:00,-0.0006000000000000001
2021-04-08 00:00:00+00:00,0.0
2021-04-09 00:00:00+00:00,0.0
2021-04-10 00:00:00+00:00,0.0
2021-04-11 00:00:00+00:00,0.0037081987477360252
2021-04-12 00:00:00+00:00,-0.0029791879541088973
2021-04-13 00:00:00+00:00,0.062401207921459756
2021-04-14 00:00:00+00:00,-0.009907507826822815
2021-04-15 00:00:00+00:00,0.003387068364987922
2021-04-16 00:00:00+00:00,-0.02859097094771612
2021-04-17 00:00:00+00:00,-0.021726286848590348
2021-04-18 00:00:00+00:00,-0.0657360758354032
2021-04-19 00:00:00+00:00,-0.0006000000000000001
2021-04-20 00:00:00+00:00,0.0
2021-04-21 00:00:00+00:00,-0.0
2021-04-22 00:00:00+00:00,-0.0
2021-04-23 00:00:00+00:00,-0.0
2021-04-24 00:00:00+00:00,-0.0
2021-04-25 00:00:00+00:00,-0.0
2021-04-26 00:00:00+00:00,0.0
2021-04-27 00:00:00+00:00,0.0
2021-04-28 00:00:00+00:00,-0.0
2021-04-29 00:00:00+00:00,-0.024350053999351372
2021-04-30 00:00:00+00:00,0.07702487733108287
2021-05-01 00:00:00+00:00,0.0026381592451028
2021-05-02 00:00:00+00:00,-0.02085211477766391
2021-05-03 00:00:00+00:00,0.010321324279763067
2021-05-04 00:00:00+00:00,-0.0690644366154719
2021-05-05 00:00:00+00:00,-0.0006000000000000001
2021-05-06 00:00:00+00:00,-0.01907758617421158
2021-05-07 00:00:00+00:00,0.016222633508961914
2021-05-08 00:00:00+00:00,-0.0006000000000000001
2021-05-09 00:00:00+00:00,-0.011333138984518997
2021-05-10 00:00:00+00:00,-0.04156381615277294
2021-05-11 00:00:00+00:00,-0.0006000000000000001
2021-05-12 00:00:00+00:00,-0.12605611098346453
2021-05-13 00:00:00+00:00,-0.0006000000000000001
2021-05-14 00:00:00+00:00,0.0
2021-05-15 00:00:00+00:00,-0.0
2021-05-16 00:00:00+00:00,-0.0
2021-05-17 00:00:00+00:00,-0.0
2021-05-18 00:00:00+00:00,-0.0
2021-05-19 00:00:00+00:00,-0.0
2021-05-20 00:00:00+00:00,0.0
2021-05-21 00:00:00+00:00,-0.0
2021-05-22 00:00:00+00:00,0.0
2021-05-23 00:00:00+00:00,-0.0
2021-05-24 00:00:00+00:00,0.0
2021-05-25 00:00:00+00:00,-0.0
2021-05-26 00:00:00+00:00,0.0
2021-05-27 00:00:00+00:00,-0.018365053206948766
2021-05-28 00:00:00+00:00,-0.0006000000000000001
2021-05-29 00:00:00+00:00,-0.0
2021-05-30 00:00:00+00:00,0.0
2021-05-31 00:00:00+00:00,0.04404205323656789
2021-06-01 00:00:00+00:00,-0.0006000000000000001
2021-06-02 00:00:00+00:00,0.0
2021-06-03 00:00:00+00:00,0.0
2021-06-04 00:00:00+00:00,-0.06224408342973049
2021-06-05 00:00:00+00:00,-0.03609777661199898
2021-06-06 00:00:00+00:00,0.008538078381638448
2021-06-07 00:00:00+00:00,-0.06286710886156
2021-06-08 00:00:00+00:00,-0.0006000000000000001
2021-06-09 00:00:00+00:00,0.0
2021-06-10 00:00:00+00:00,-0.0
2021-06-11 00:00:00+00:00,0.0
2021-06-12 00:00:00+00:00,-0.0478748028038289
2021-06-13 00:00:00+00:00,0.0972674996939813
2021-06-14 00:00:00+00:00,0.03835111614326947
2021-06-15 00:00:00+00:00,-0.008798417351830401
2021-06-16 00:00:00+00:00,-0.0445492795679151
2021-06-17 00:00:00+00:00,-0.0074132278627419
2021-06-18 00:00:00+00:00,-0.05909768892908185
2021-06-19 00:00:00+00:00,-0.0006000000000000001
2021-06-20 00:00:00+00:00,0.0
2021-06-21 00:00:00+00:00,-0.0
2021-06-22 00:00:00+00:00,0.0
2021-06-23 00:00:00+00:00,0.0
2021-06-24 00:00:00+00:00,0.0
2021-06-25 00:00:00+00:00,-0.0
2021-06-26 00:00:00+00:00,0.0
2021-06-27 00:00:00+00:00,0.0
2021-06-28 00:00:00+00:00,-0.0
2021-06-29 00:00:00+00:00,0.04069181766463063
2021-06-30 00:00:00+00:00,-0.024501228862479407
2021-07-01 00:00:00+00:00,-0.04400139417819282
2021-07-02 00:00:00+00:00,-0.0006000000000000001
2021-07-03 00:00:00+00:00,0.025821065290243684
2021-07-04 00:00:00+00:00,0.018100051539638562
2021-07-05 00:00:00+00:00,-0.04556215164557087
2021-07-06 00:00:00+00:00,-0.0006000000000000001
2021-07-07 00:00:00+00:00,-0.0
2021-07-08 00:00:00+00:00,-0.0
2021-07-09 00:00:00+00:00,0.0
2021-07-10 00:00:00+00:00,-0.009682381575985288
2021-07-11 00:00:00+00:00,-0.0006000000000000001
2021-07-12 00:00:00+00:00,-0.0
2021-07-13 00:00:00+00:00,-0.0
2021-07-14 00:00:00+00:00,0.0
2021-07-15 00:00:00+00:00,-0.0
2021-07-16 00:00:00+00:00,-0.0
2021-07-17 00:00:00+00:00,0.0
2021-07-18 00:00:00+00:00,0.0
2021-07-19 00:00:00+00:00,-0.0
2021-07-20 00:00:00+00:00,-0.0
2021-07-21 00:00:00+00:00,0.0
2021-07-22 00:00:00+00:00,0.0
2021-07-23 00:00:00+00:00,0.04174366375966858
2021-07-24 00:00:00+00:00,0.017706245321019054
2021-07-25 00:00:00+00:00,0.033323400525854696
2021-07-26 00:00:00+00:00,0.052230577546474866
2021-07-27 00:00:00+00:00,0.05976233600380909
2021-07-28 00:00:00+00:00,0.014216959292212117
2021-07-29 00:00:00+00:00,0.0002454810979555244
2021-07-30 00:00:00+00:00,0.05474109599654109
2021-07-31 00:00:00+00:00,-0.017892934785828096
2021-08-01 00:00:00+00:00,-0.03863457223984401
2021-08-02 00:00:00+00:00,-0.017549724218619334
2021-08-03 00:00:00+00:00,-0.02411956018624961
2021-08-04 00:00:00+00:00,-0.0006000000000000001
2021-08-05 00:00:00+00:00,0.0
2021-08-06 00:00:00+00:00,0.04692729781030473
2021-08-07 00:00:00+00:00,0.041463214730126374
2021-08-08 00:00:00+00:00,-0.01823721427560887
2021-08-09 00:00:00+00:00,0.056453968476542826
2021-08-10 00:00:00+00:00,-0.014477179921184025
2021-08-11 00:00:00+00:00,-0.0014887039896256393
2021-08-12 00:00:00+00:00,-0.024977527408653333
2021-08-13 00:00:00+00:00,0.0767696990137905
2021-08-14 00:00:00+00:00,-0.014830354206055607
2021-08-15 00:00:00+00:00,-0.001650676008320473
2021-08-16 00:00:00+00:00,-0.022971313036074803
2021-08-17 00:00:00+00:00,-0.0006000000000000001
2021-08-18 00:00:00+00:00,0.0
2021-08-19 00:00:00+00:00,0.0
2021-08-20 00:00:00+00:00,0.05414942273154881
2021-08-21 00:00:00+00:00,-0.00982005053844559
2021-08-22 00:00:00+00:00,0.008700202197456708
2021-08-23 00:00:00+00:00,0.005086529656641581
2021-08-24 00:00:00+00:00,-0.03643795491914925
2021-08-25 00:00:00+00:00,0.026682880910389395
2021-08-26 00:00:00+00:00,-0.04367165278873475
2021-08-27 00:00:00+00:00,0.047615246474830064
2021-08-28 00:00:00+00:00,-0.0006000000000000001
2021-08-29 00:00:00+00:00,-0.003391221039651015
2021-08-30 00:00:00+00:00,-0.0006000000000000001
2021-08-31 00:00:00+00:00,0.0
2021-09-01 00:00:00+00:00,0.0
2021-09-02 00:00:00+00:00,0.0
2021-09-03 00:00:00+00:00,0.014165774818789934
2021-09-04 00:00:00+00:00,-0.001725865271369087
2021-09-05 00:00:00+00:00,0.0372207139902212
2021-09-06 00:00:00+00:00,0.01707350080319192
2021-09-07 00:00:00+00:00,-0.11046206274887793
2021-09-08 00:00:00+00:00,-0.0006000000000000001
2021-09-09 00:00:00+00:00,0.0
2021-09-10 00:00:00+00:00,-0.0
2021-09-11 00:00:00+00:00,0.0
2021-09-12 00:00:00+00:00,0.0
2021-09-13 00:00:00+00:00,-0.0
2021-09-14 00:00:00+00:00,0.0
2021-09-15 00:00:00+00:00,0.021039435617083036
2021-09-16 00:00:00+00:00,-0.00749530413178201
2021-09-17 00:00:00+00:00,-0.009266622753324683
2021-09-18 00:00:00+00:00,0.020760580012603835
2021-09-19 00:00:00+00:00,-0.02129516010616095
2021-09-20 00:00:00+00:00,-0.08951727906035334
2021-09-21 00:00:00+00:00,-0.0006000000000000001
2021-09-22 00:00:00+00:00,0.0
2021-09-23 00:00:00+00:00,0.0
2021-09-24 00:00:00+00:00,-0.0
2021-09-25 00:00:00+00:00,-0.0
2021-09-26 00:00:00+00:00,0.0
2021-09-27 00:00:00+00:00,-0.0
2021-09-28 00:00:00+00:00,-0.0
2021-09-29 00:00:00+00:00,0.011432047742884578
2021-09-30 00:00:00+00:00,-0.0006000000000000001
2021-10-01 00:00:00+00:00,0.0
2021-10-02 00:00:00+00:00,-0.010934357494419688
2021-10-03 00:00:00+00:00,0.011772620390155808
2021-10-04 00:00:00+00:00,0.020978971637755084
2021-10-05 00:00:00+00:00,0.045873610874539894
2021-10-06 00:00:00+00:00,0.07514276519032492
2021-10-07 00:00:00+00:00,-0.027233666416011104
2021-10-08 00:00:00+00:00,0.002973335124655918
2021-10-09 00:00:00+00:00,0.018263455303381138
2021-10-10 00:00:00+00:00,-0.004744656961683691
2021-10-11 00:00:00+00:00,0.05118848263254128
2021-10-12 00:00:00+00:00,-0.025881212890223937
2021-10-13 00:00:00+00:00,0.024669962636471254
2021-10-14 00:00:00+00:00,-0.00026936777849118076
2021-10-15 00:00:00+00:00,0.07536208444358383
2021-10-16 00:00:00+00:00,-0.012588989751278534
2021-10-17 00:00:00+00:00,0.01060129771478513
2021-10-18 00:00:00+00:00,0.00757607624962553
2021-10-19 00:00:00+00:00,0.036732050333086574
2021-10-20 00:00:00+00:00,0.027170859201420594
2021-10-21 00:00:00+00:00,-0.057578956482357224
2021-10-22 00:00:00+00:00,-0.024510952640308892
2021-10-23 00:00:00+00:00,-0.0006000000000000001
2021-10-24 00:00:00+00:00,-0.007486086302984262
2021-10-25 00:00:00+00:00,-0.0006000000000000001
2021-10-26 00:00:00+00:00,-0.044452681830163446
2021-10-27 00:00:00+00:00,-0.0006000000000000001
2021-10-28 00:00:00+00:00,0.0
2021-10-29 00:00:00+00:00,0.0
2021-10-30 00:00:00+00:00,-0.007228820402829638
2021-10-31 00:00:00+00:00,-0.00883073466613482
2021-11-01 00:00:00+00:00,-0.0066136787777261175
2021-11-02 00:00:00+00:00,-0.0006000000000000001
2021-11-03 00:00:00+00:00,-0.005661747342875122
2021-11-04 00:00:00+00:00,-0.024061563440035072
2021-11-05 00:00:00+00:00,-0.006932233534846621
2021-11-06 00:00:00+00:00,-0.0006000000000000001
2021-11-07 00:00:00+00:00,0.0
2021-11-08 00:00:00+00:00,0.0671638021113014
2021-11-09 00:00:00+00:00,-0.008830155948440943
2021-11-10 00:00:00+00:00,-0.031187145556527573
2021-11-11 00:00:00+00:00,-0.001368296705505534
2021-11-12 00:00:00+00:00,-0.010415031011255405
2021-11-13 00:00:00+00:00,0.004222826581673944
2021-11-14 00:00:00+00:00,0.017716019681189632
2021-11-15 00:00:00+00:00,-0.029189370060786923
2021-11-16 00:00:00+00:00,-0.0006000000000000001
2021-11-17 00:00:00+00:00,0.0
2021-11-18 00:00:00+00:00,-0.0
2021-11-19 00:00:00+00:00,0.0
2021-11-20 00:00:00+00:00,0.0
2021-11-21 00:00:00+00:00,-0.0
2021-11-22 00:00:00+00:00,-0.0
2021-11-23 00:00:00+00:00,0.0
2021-11-24 00:00:00+00:00,-0.0
2021-11-25 00:00:00+00:00,0.0
2021-11-26 00:00:00+00:00,-0.08930518362906754
2021-11-27 00:00:00+00:00,-0.0006000000000000001
2021-11-28 00:00:00+00:00,0.0
2021-11-29 00:00:00+00:00,0.0
2021-11-30 00:00:00+00:00,-0.015350299076675355
2021-12-01 00:00:00+00:00,-0.0006000000000000001
2021-12-02 00:00:00+00:00,-0.012760961969638118
2021-12-03 00:00:00+00:00,-0.0006000000000000001
2021-12-04 00:00:00+00:00,-0.0
2021-12-05 00:00:00+00:00,0.0
2021-12-06 00:00:00+00:00,0.0
2021-12-07 00:00:00+00:00,0.0
2021-12-08 00:00:00+00:00,-0.0
2021-12-09 00:00:00+00:00,-0.0
2021-12-10 00:00:00+00:00,-0.0
2021-12-11 00:00:00+00:00,0.0
2021-12-12 00:00:00+00:00,0.013086599036272007
2021-12-13 00:00:00+00:00,-0.06746467677554058
2021-12-14 00:00:00+00:00,-0.0006000000000000001
2021-12-15 00:00:00+00:00,0.0
2021-12-16 00:00:00+00:00,-0.0
2021-12-17 00:00:00+00:00,-0.032078965658432115
2021-12-18 00:00:00+00:00,-0.0006000000000000001
2021-12-19 00:00:00+00:00,-0.0
2021-12-20 00:00:00+00:00,0.0
2021-12-21 00:00:00+00:00,0.04155540317803645
2021-12-22 00:00:00+00:00,-0.006249801790889631
2021-12-23 00:00:00+00:00,-0.0006000000000000001
2021-12-24 00:00:00+00:00,-0.0007843837764314849
2021-12-25 00:00:00+00:00,-0.007969327996961262
2021-12-26 00:00:00+00:00,0.007183806566351203
2021-12-27 00:00:00+00:00,-0.0011427000064807569
2021-12-28 00:00:00+00:00,-0.06282455610309445
2021-12-29 00:00:00+00:00,-0.0006000000000000001
2021-12-30 00:00:00+00:00,0.0
2021-12-31 00:00:00+00:00,-0.0
2022-01-01 00:00:00+00:00,0.0
2022-01-02 00:00:00+00:00,-0.0
2022-01-03 00:00:00+00:00,-0.0
2022-01-04 00:00:00+00:00,-0.0
2022-01-05 00:00:00+00:00,-0.0
2022-01-06 00:00:00+00:00,-0.0
2022-01-07 00:00:00+00:00,-0.0
2022-01-08 00:00:00+00:00,0.0
2022-01-09 00:00:00+00:00,0.0
2022-01-10 00:00:00+00:00,-0.0
2022-01-11 00:00:00+00:00,0.0
2022-01-12 00:00:00+00:00,0.0
2022-01-13 00:00:00+00:00,-0.03128317930972875
2022-01-14 00:00:00+00:00,-0.0006000000000000001
2022-01-15 00:00:00+00:00,5.307696596850201e-05
2022-01-16 00:00:00+00:00,-0.00022869476121822885
2022-01-17 00:00:00+00:00,-0.02053661044675137
2022-01-18 00:00:00+00:00,0.0038229964951914663
2022-01-19 00:00:00+00:00,-0.0006000000000000001
2022-01-20 00:00:00+00:00,-0.0
2022-01-21 00:00:00+00:00,-0.0
2022-01-22 00:00:00+00:00,-0.0
2022-01-23 00:00:00+00:00,0.0
2022-01-24 00:00:00+00:00,0.0
2022-01-25 00:00:00+00:00,0.0
2022-01-26 00:00:00+00:00,-0.0
2022-01-27 00:00:00+00:00,0.0
2022-01-28 00:00:00+00:00,0.0
2022-01-29 00:00:00+00:00,0.011438345499454817
2022-01-30 00:00:00+00:00,-0.007339447617444872
2022-01-31 00:00:00+00:00,0.015025874035945463
2022-02-01 00:00:00+00:00,0.006281894657098608
2022-02-02 00:00:00+00:00,-0.04623723937455848
2022-02-03 00:00:00+00:00,0.010783629960183783
2022-02-04 00:00:00+00:00,0.11424392582863008
2022-02-05 00:00:00+00:00,-0.004219253910950571
2022-02-06 00:00:00+00:00,0.023846946043583506
2022-02-07 00:00:00+00:00,0.03466933891389212
2022-02-08 00:00:00+00:00,0.004370979778913986
2022-02-09 00:00:00+00:00,0.007644207146632942
2022-02-10 00:00:00+00:00,-0.019991622721271973
2022-02-11 00:00:00+00:00,-0.025425746509938008
2022-02-12 00:00:00+00:00,-0.003921304819902716
2022-02-13 00:00:00+00:00,-0.003761622962345723
2022-02-14 00:00:00+00:00,-0.0006000000000000001
2022-02-15 00:00:00+00:00,0.0
2022-02-16 00:00:00+00:00,-0.015621468865653475
2022-02-17 00:00:00+00:00,-0.0006000000000000001
2022-02-18 00:00:00+00:00,-0.0
2022-02-19 00:00:00+00:00,0.0
2022-02-20 00:00:00+00:00,-0.0
2022-02-21 00:00:00+00:00,-0.0
2022-02-22 00:00:00+00:00,0.0
2022-02-23 00:00:00+00:00,-0.0
2022-02-24 00:00:00+00:00,0.0
2022-02-25 00:00:00+00:00,0.0
2022-02-26 00:00:00+00:00,-0.0
2022-02-27 00:00:00+00:00,-0.0
2022-02-28 00:00:00+00:00,0.0
2022-03-01 00:00:00+00:00,0.028112779515699172
2022-03-02 00:00:00+00:00,-0.011451972221533935
2022-03-03 00:00:00+00:00,-0.03272592211130265
2022-03-04 00:00:00+00:00,-0.07825298295621863
2022-03-05 00:00:00+00:00,-0.0006000000000000001
2022-03-06 00:00:00+00:00,-0.02533644511379014
2022-03-07 00:00:00+00:00,-0.011387694623331002
2022-03-08 00:00:00+00:00,-0.0006000000000000001
2022-03-09 00:00:00+00:00,0.0
2022-03-10 00:00:00+00:00,-0.0
2022-03-11 00:00:00+00:00,-0.0
2022-03-12 00:00:00+00:00,0.0
2022-03-13 00:00:00+00:00,-0.0
2022-03-14 00:00:00+00:00,0.0
2022-03-15 00:00:00+00:00,-0.010253551488129852
2022-03-16 00:00:00+00:00,0.046721499325201865
2022-03-17 00:00:00+00:00,-0.0006000000000000001
2022-03-18 00:00:00+00:00,0.020266495020551046
2022-03-19 00:00:00+00:00,0.010459504448941948
2022-03-20 00:00:00+00:00,-0.021977709406895696
2022-03-21 00:00:00+00:00,-0.006761833208114187
2022-03-22 00:00:00+00:00,0.03337562832463048
2022-03-23 00:00:00+00:00,0.012233824008613947
2022-03-24 00:00:00+00:00,0.025788527079702916
2022-03-25 00:00:00+00:00,0.007213451768569135
2022-03-26 00:00:00+00:00,0.004484021440215313
2022-03-27 00:00:00+00:00,0.052408224917508184
2022-03-28 00:00:00+00:00,0.006430902504869662
2022-03-29 00:00:00+00:00,0.006294313259864293
2022-03-30 00:00:00+00:00,-0.007703744319200401
2022-03-31 00:00:00+00:00,-0.032881929390562115
2022-04-01 00:00:00+00:00,0.016705489386015016
2022-04-02 00:00:00+00:00,-0.010193186386606157
2022-04-03 00:00:00+00:00,0.013053940857655766
2022-04-04 00:00:00+00:00,-0.0006000000000000001
2022-04-05 00:00:00+00:00,-0.0
2022-04-06 00:00:00+00:00,-0.0
2022-04-07 00:00:00+00:00,0.0
2022-04-08 00:00:00+00:00,-0.0
2022-04-09 00:00:00+00:00,0.0
2022-04-10 00:00:00+00:00,-0.0
2022-04-11 00:00:00+00:00,-0.0
2022-04-12 00:00:00+00:00,0.0
2022-04-13 00:00:00+00:00,0.0
2022-04-14 00:00:00+00:00,-0.0
2022-04-15 00:00:00+00:00,0.0
2022-04-16 00:00:00+00:00,-0.0
2022-04-17 00:00:00+00:00,-0.0
2022-04-18 00:00:00+00:00,0.0
2022-04-19 00:00:00+00:00,0.0162515358361776
2022-04-20 00:00:00+00:00,-0.0035010814290779013
2022-04-21 00:00:00+00:00,-0.021242411264115746
2022-04-22 00:00:00+00:00,-0.019174384051342752
2022-04-23 00:00:00+00:00,-0.0006000000000000001
2022-04-24 00:00:00+00:00,0.0
2022-04-25 00:00:00+00:00,0.0
2022-04-26 00:00:00+00:00,-0.0
2022-04-27 00:00:00+00:00,0.0
2022-04-28 00:00:00+00:00,0.0
2022-04-29 00:00:00+00:00,-0.0
2022-04-30 00:00:00+00:00,-0.0
2022-05-01 00:00:00+00:00,0.0
2022-05-02 00:00:00+00:00,0.0
2022-05-03 00:00:00+00:00,-0.0
2022-05-04 00:00:00+00:00,0.0
2022-05-05 00:00:00+00:00,-0.07995943957262382
2022-05-06 00:00:00+00:00,-0.0006000000000000001
2022-05-07 00:00:00+00:00,-0.0
2022-05-08 00:00:00+00:00,-0.0
2022-05-09 00:00:00+00:00,-0.0
2022-05-10 00:00:00+00:00,0.0
2022-05-11 00:00:00+00:00,-0.0
2022-05-12 00:00:00+00:00,-0.0
2022-05-13 00:00:00+00:00,0.0
2022-05-14 00:00:00+00:00,0.0
2022-05-15 00:00:00+00:00,0.0
2022-05-16 00:00:00+00:00,-0.0
2022-05-17 00:00:00+00:00,0.0
2022-05-18 00:00:00+00:00,-0.0
2022-05-19 00:00:00+00:00,0.0
2022-05-20 00:00:00+00:00,-0.037902233846417735
2022-05-21 00:00:00+00:00,-0.0006000000000000001
2022-05-22 00:00:00+00:00,0.0
2022-05-23 00:00:00+00:00,-0.0
2022-05-24 00:00:00+00:00,0.0
2022-05-25 00:00:00+00:00,-0.0
2022-05-26 00:00:00+00:00,-0.012202514837473432
2022-05-27 00:00:00+00:00,-0.0006000000000000001
2022-05-28 00:00:00+00:00,0.0
2022-05-29 00:00:00+00:00,0.0
2022-05-30 00:00:00+00:00,0.0
2022-05-31 00:00:00+00:00,0.0016473326714260721
2022-06-01 00:00:00+00:00,-0.06292573700067294
2022-06-02 00:00:00+00:00,0.021485456540780934
2022-06-03 00:00:00+00:00,-0.024782255865374747
2022-06-04 00:00:00+00:00,0.005578988505127613
2022-06-05 00:00:00+00:00,0.002060411948379137
2022-06-06 00:00:00+00:00,0.04852239559476956
2022-06-07 00:00:00+00:00,-0.0006000000000000001
2022-06-08 00:00:00+00:00,-0.0
2022-06-09 00:00:00+00:00,-0.003885584168253752
2022-06-10 00:00:00+00:00,-0.0006000000000000001
2022-06-11 00:00:00+00:00,-0.0
2022-06-12 00:00:00+00:00,-0.0
2022-06-13 00:00:00+00:00,-0.0
2022-06-14 00:00:00+00:00,-0.0
2022-06-15 00:00:00+00:00,0.0
2022-06-16 00:00:00+00:00,-0.0
2022-06-17 00:00:00+00:00,0.0
2022-06-18 00:00:00+00:00,-0.0
2022-06-19 00:00:00+00:00,0.0
2022-06-20 00:00:00+00:00,0.0
2022-06-21 00:00:00+00:00,0.0
2022-06-22 00:00:00+00:00,-0.0
2022-06-23 00:00:00+00:00,0.0
2022-06-24 00:00:00+00:00,0.005780175004503164
2022-06-25 00:00:00+00:00,0.011808093748822523
2022-06-26 00:00:00+00:00,-0.021078210027977162
2022-06-27 00:00:00+00:00,-0.014223147923591473
2022-06-28 00:00:00+00:00,-0.022257597684515296
2022-06-29 00:00:00+00:00,-0.0006000000000000001
2022-06-30 00:00:00+00:00,-0.009869066479694166
2022-07-01 00:00:00+00:00,-0.0006000000000000001
2022-07-02 00:00:00+00:00,-0.0
2022-07-03 00:00:00+00:00,0.0
2022-07-04 00:00:00+00:00,0.0
2022-07-05 00:00:00+00:00,-0.0
2022-07-06 00:00:00+00:00,0.0
2022-07-07 00:00:00+00:00,0.05093716290180554
2022-07-08 00:00:00+00:00,-0.001179823627934562
2022-07-09 00:00:00+00:00,-0.0003659457381218756
2022-07-10 00:00:00+00:00,-0.03365152919369785
2022-07-11 00:00:00+00:00,-0.04313362552628297
2022-07-12 00:00:00+00:00,-0.0006000000000000001
2022-07-13 00:00:00+00:00,0.0
2022-07-14 00:00:00+00:00,0.0
2022-07-15 00:00:00+00:00,0.0
2022-07-16 00:00:00+00:00,0.0
2022-07-17 00:00:00+00:00,-0.0
2022-07-18 00:00:00+00:00,0.0
2022-07-19 00:00:00+00:00,0.04230065510459828
2022-07-20 00:00:00+00:00,-0.00702987697715296
2022-07-21 00:00:00+00:00,-0.003315892599530579
2022-07-22 00:00:00+00:00,-0.020281276329149556
2022-07-23 00:00:00+00:00,-0.010359380995012102
2022-07-24 00:00:00+00:00,0.005810999901961544
2022-07-25 00:00:00+00:00,-0.056294471569209414
2022-07-26 00:00:00+00:00,-0.0006000000000000001
2022-07-27 00:00:00+00:00,0.0
2022-07-28 00:00:00+00:00,0.0
2022-07-29 00:00:00+00:00,-0.003331140030709733
2022-07-30 00:00:00+00:00,-0.0059399859493248774
2022-07-31 00:00:00+00:00,-0.014380086246662205
2022-08-01 00:00:00+00:00,-0.0013954426988290747
2022-08-02 00:00:00+00:00,-0.012146567143643372
2022-08-03 00:00:00+00:00,-0.007556006285065031
2022-08-04 00:00:00+00:00,-0.0006000000000000001
2022-08-05 00:00:00+00:00,0.0
2022-08-06 00:00:00+00:00,-0.0
2022-08-07 00:00:00+00:00,0.0
2022-08-08 00:00:00+00:00,0.0
2022-08-09 00:00:00+00:00,-0.0285024045974694
2022-08-10 00:00:00+00:00,0.034602120984261076
2022-08-11 00:00:00+00:00,-0.0009899377216395777
2022-08-12 00:00:00+00:00,0.019663673005201332
2022-08-13 00:00:00+00:00,0.0017016914402869787
2022-08-14 00:00:00+00:00,-0.005522125342830253
2022-08-15 00:00:00+00:00,-0.008598795592345332
2022-08-16 00:00:00+00:00,-0.010055967980336478
2022-08-17 00:00:00+00:00,-0.021385731661284324
2022-08-18 00:00:00+00:00,-0.0006000000000000001
2022-08-19 00:00:00+00:00,-0.0
2022-08-20 00:00:00+00:00,0.0
2022-08-21 00:00:00+00:00,0.0
2022-08-22 00:00:00+00:00,-0.0
2022-08-23 00:00:00+00:00,0.0
2022-08-24 00:00:00+00:00,-0.0
2022-08-25 00:00:00+00:00,0.0
2022-08-26 00:00:00+00:00,-0.0
2022-08-27 00:00:00+00:00,-0.0
2022-08-28 00:00:00+00:00,-0.0
2022-08-29 00:00:00+00:00,0.0
2022-08-30 00:00:00+00:00,-0.0
2022-08-31 00:00:00+00:00,0.0
2022-09-01 00:00:00+00:00,0.0
2022-09-02 00:00:00+00:00,-0.0
2022-09-03 00:00:00+00:00,-0.0
2022-09-04 00:00:00+00:00,0.0
2022-09-05 00:00:00+00:00,-0.010993793734713164
2022-09-06 00:00:00+00:00,-0.0006000000000000001
2022-09-07 00:00:00+00:00,0.0
2022-09-08 00:00:00+00:00,0.0
2022-09-09 00:00:00+00:00,0.0
2022-09-10 00:00:00+00:00,0.012864780816785371
2022-09-11 00:00:00+00:00,0.008355091383811963
2022-09-12 00:00:00+00:00,0.02592539974244179
2022-09-13 00:00:00+00:00,-0.09932547127669078
2022-09-14 00:00:00+00:00,0.0027030378177308467
2022-09-15 00:00:00+00:00,-0.026027600534203943
2022-09-16 00:00:00+00:00,0.005164848558717905
2022-09-17 00:00:00+00:00,-0.0006000000000000001
2022-09-18 00:00:00+00:00,-0.0
2022-09-19 00:00:00+00:00,0.0
2022-09-20 00:00:00+00:00,-0.0
2022-09-21 00:00:00+00:00,-0.0
2022-09-22 00:00:00+00:00,0.0
2022-09-23 00:00:00+00:00,-0.0
2022-09-24 00:00:00+00:00,-0.0
2022-09-25 00:00:00+00:00,-0.0
2022-09-26 00:00:00+00:00,0.0
2022-09-27 00:00:00+00:00,-0.0
2022-09-28 00:00:00+00:00,0.017082130665282347
2022-09-29 00:00:00+00:00,0.009027530877556478
2022-09-30 00:00:00+00:00,-0.008722073279713971
2022-10-01 00:00:00+00:00,-0.005548200312182949
2022-10-02 00:00:00+00:00,-0.013188976377952688
2022-10-03 00:00:00+00:00,0.030058689512530545
2022-10-04 00:00:00+00:00,0.03623483844664155
2022-10-05 00:00:00+00:00,-0.009000147543402393
2022-10-06 00:00:00+00:00,-0.009727047146401935
2022-10-07 00:00:00+00:00,-0.021704921319033676
2022-10-08 00:00:00+00:00,-0.005875753679389861
2022-10-09 00:00:00+00:00,0.0012264121775513726
2022-10-10 00:00:00+00:00,-0.015748841996911955
2022-10-11 00:00:00+00:00,-0.0006000000000000001
2022-10-12 00:00:00+00:00,0.0
2022-10-13 00:00:00+00:00,0.0
2022-10-14 00:00:00+00:00,-0.0
2022-10-15 00:00:00+00:00,-0.0
2022-10-16 00:00:00+00:00,0.0
2022-10-17 00:00:00+00:00,0.0
2022-10-18 00:00:00+00:00,-0.01184325762770828
2022-10-19 00:00:00+00:00,-0.010568865839583053
2022-10-20 00:00:00+00:00,-0.0006000000000000001
2022-10-21 00:00:00+00:00,0.0
2022-10-22 00:00:00+00:00,0.0
2022-10-23 00:00:00+00:00,0.018446527499205546
2022-10-24 00:00:00+00:00,-0.012402419136329557
2022-10-25 00:00:00+00:00,-0.0006000000000000001
2022-10-26 00:00:00+00:00,0.03378258347742451
2022-10-27 00:00:00+00:00,-0.022776431596036262
2022-10-28 00:00:00+00:00,0.014655788617485399
2022-10-29 00:00:00+00:00,0.010392172104864317
2022-10-30 00:00:00+00:00,-0.00870811234474711
2022-10-31 00:00:00+00:00,-0.0064805293079026605
2022-11-01 00:00:00+00:00,-0.0004833512352310221
2022-11-02 00:00:00+00:00,-0.016217193155562915
2022-11-03 00:00:00+00:00,-0.0006000000000000001
2022-11-04 00:00:00+00:00,0.0
2022-11-05 00:00:00+00:00,0.006605169934145994
2022-11-06 00:00:00+00:00,-0.018313848350626438
2022-11-07 00:00:00+00:00,-0.015377990430622046
2022-11-08 00:00:00+00:00,-0.09935564129726993
2022-11-09 00:00:00+00:00,-0.0006000000000000001
2022-11-10 00:00:00+00:00,0.0
2022-11-11 00:00:00+00:00,-0.0
2022-11-12 00:00:00+00:00,-0.0
2022-11-13 00:00:00+00:00,-0.0
2022-11-14 00:00:00+00:00,0.0
2022-11-15 00:00:00+00:00,0.0
2022-11-16 00:00:00+00:00,-0.0
2022-11-17 00:00:00+00:00,0.0012918237180642893
2022-11-18 00:00:00+00:00,-0.0006000000000000001
2022-11-19 00:00:00+00:00,0.0
2022-11-20 00:00:00+00:00,-0.0
2022-11-21 00:00:00+00:00,-0.0
2022-11-22 00:00:00+00:00,0.0
2022-11-23 00:00:00+00:00,0.0
2022-11-24 00:00:00+00:00,-0.0
2022-11-25 00:00:00+00:00,-0.0
2022-11-26 00:00:00+00:00,-0.0
2022-11-27 00:00:00+00:00,-0.0
2022-11-28 00:00:00+00:00,-0.01388047933944676
2022-11-29 00:00:00+00:00,0.014113363571847337
2022-11-30 00:00:00+00:00,0.04381982815276375
2022-12-01 00:00:00+00:00,-0.010656841540694795
2022-12-02 00:00:00+00:00,0.0066291505848383725
2022-12-03 00:00:00+00:00,-0.011912427559562122
2022-12-04 00:00:00+00:00,0.013033561420658257
2022-12-05 00:00:00+00:00,-0.008257551390391527
2022-12-06 00:00:00+00:00,0.007093871437584998
2022-12-07 00:00:00+00:00,-0.014673333879826167
2022-12-08 00:00:00+00:00,-0.0006000000000000001
2022-12-09 00:00:00+00:00,-0.0060600371747212105
2022-12-10 00:00:00+00:00,-0.00011680878402053896
2022-12-11 00:00:00+00:00,-0.002494158878504682
2022-12-12 00:00:00+00:00,-0.0006000000000000001
2022-12-13 00:00:00+00:00,0.0329523255813952
2022-12-14 00:00:00+00:00,0.0015075574756289178
2022-12-15 00:00:00+00:00,-0.02539331270114986
2022-12-16 00:00:00+00:00,-0.04193801219470028
2022-12-17 00:00:00+00:00,-0.0006000000000000001
2022-12-18 00:00:00+00:00,-0.0
2022-12-19 00:00:00+00:00,-0.0
2022-12-20 00:00:00+00:00,0.0
2022-12-21 00:00:00+00:00,-0.0
2022-12-22 00:00:00+00:00,-0.0
2022-12-23 00:00:00+00:00,-0.0
2022-12-24 00:00:00+00:00,0.002529396056364975
2022-12-25 00:00:00+00:00,-0.00026739715608270487
2022-12-26 00:00:00+00:00,0.005260217303440173
2022-12-27 00:00:00+00:00,-0.012694452163733105
2022-12-28 00:00:00+00:00,-0.0006000000000000001
2022-12-29 00:00:00+00:00,0.0
2022-12-30 00:00:00+00:00,-0.0
2022-12-31 00:00:00+00:00,-0.0
2023-01-01 00:00:00+00:00,0.0
2023-01-02 00:00:00+00:00,0.0
2023-01-03 00:00:00+00:00,0.0
2023-01-04 00:00:00+00:00,0.0
2023-01-05 00:00:00+00:00,-0.0016865628395508865
2023-01-06 00:00:00+00:00,0.007132752410276
2023-01-07 00:00:00+00:00,-0.00043083605802707314
2023-01-08 00:00:00+00:00,0.011112095179051096
2023-01-09 00:00:00+00:00,0.002627783260436667
2023-01-10 00:00:00+00:00,0.01509053740018751
2023-01-11 00:00:00+00:00,0.029084044799412512
2023-01-12 00:00:00+00:00,0.05030748730186163
2023-01-13 00:00:00+00:00,0.057660048837456346
2023-01-14 00:00:00+00:00,0.052127563465534266
2023-01-15 00:00:00+00:00,-0.0038210544392923707
2023-01-16 00:00:00+00:00,0.014634122982181363
2023-01-17 00:00:00+00:00,-0.002709042254451677
2023-01-18 00:00:00+00:00,-0.02133841909241918
2023-01-19 00:00:00+00:00,0.018776595744680824
2023-01-20 00:00:00+00:00,0.07560173340990972
2023-01-21 00:00:00+00:00,0.005330720927051225
2023-01-22 00:00:00+00:00,-0.00339304447829214
2023-01-23 00:00:00+00:00,0.009183161121534944
2023-01-24 00:00:00+00:00,-0.012468849697334639
2023-01-25 00:00:00+00:00,0.0191449304825122
2023-01-26 00:00:00+00:00,-0.0025454671604380197
2023-01-27 00:00:00+00:00,0.0028736756528808804
2023-01-28 00:00:00+00:00,-0.002258539968787887
2023-01-29 00:00:00+00:00,0.0314738941340551
2023-01-30 00:00:00+00:00,-0.03876951849808119
2023-01-31 00:00:00+00:00,-0.0006000000000000001
2023-02-01 00:00:00+00:00,0.025810720001384114
2023-02-02 00:00:00+00:00,-0.009983143699957897
2023-02-03 00:00:00+00:00,-0.002911493161821932
2023-02-04 00:00:00+00:00,-0.004358647069119481
2023-02-05 00:00:00+00:00,-0.01686775916921779
2023-02-06 00:00:00+00:00,-0.0006000000000000001
2023-02-07 00:00:00+00:00,0.0
2023-02-08 00:00:00+00:00,-0.012573779918309613
2023-02-09 00:00:00+00:00,-0.0006000000000000001
2023-02-10 00:00:00+00:00,-0.0
2023-02-11 00:00:00+00:00,0.0
2023-02-12 00:00:00+00:00,-0.0
2023-02-13 00:00:00+00:00,-0.0
2023-02-14 00:00:00+00:00,0.0
2023-02-15 00:00:00+00:00,0.0
2023-02-16 00:00:00+00:00,-0.03372428593738437
2023-02-17 00:00:00+00:00,0.044838608213681574
2023-02-18 00:00:00+00:00,0.0022537273966194427
2023-02-19 00:00:00+00:00,-0.015058712743892255
2023-02-20 00:00:00+00:00,0.02406669441479603
2023-02-21 00:00:00+00:00,-0.016358214721186037
2023-02-22 00:00:00+00:00,-0.011131839269496124
2023-02-23 00:00:00+00:00,-0.0006000000000000001
2023-02-24 00:00:00+00:00,-0.03207671425228183
2023-02-25 00:00:00+00:00,-0.0006000000000000001
2023-02-26 00:00:00+00:00,0.0
2023-02-27 00:00:00+00:00,-0.0
2023-02-28 00:00:00+00:00,-0.0
2023-03-01 00:00:00+00:00,0.0
2023-03-02 00:00:00+00:00,-0.0
2023-03-03 00:00:00+00:00,-0.0
2023-03-04 00:00:00+00:00,-0.0
2023-03-05 00:00:00+00:00,0.0
2023-03-06 00:00:00+00:00,-0.0
2023-03-07 00:00:00+00:00,-0.0
2023-03-08 00:00:00+00:00,-0.0
2023-03-09 00:00:00+00:00,-0.0
2023-03-10 00:00:00+00:00,-0.0
2023-03-11 00:00:00+00:00,0.0
2023-03-12 00:00:00+00:00,0.0
2023-03-13 00:00:00+00:00,0.0
2023-03-14 00:00:00+00:00,0.022742109081863294
2023-03-15 00:00:00+00:00,-0.01598298389547248
2023-03-16 00:00:00+00:00,0.02891963109354423
2023-03-17 00:00:00+00:00,0.09578077981945055
2023-03-18 00:00:00+00:00,-0.017418930762489016
2023-03-19 00:00:00+00:00,0.038974987921358784
2023-03-20 00:00:00+00:00,-0.00899995349785565
2023-03-21 00:00:00+00:00,0.013969051512231045
2023-03-22 00:00:00+00:00,-0.0305185628188287
2023-03-23 00:00:00+00:00,0.03856604660385243
2023-03-24 00:00:00+00:00,-0.029882513496982344
2023-03-25 00:00:00+00:00,0.0003061347211439358
2023-03-26 00:00:00+00:00,0.018471762249838708
2023-03-27 00:00:00+00:00,-0.0006000000000000001
2023-03-28 00:00:00+00:00,0.0
2023-03-29 00:00:00+00:00,0.0
2023-03-30 00:00:00+00:00,-0.012015565396898253
2023-03-31 00:00:00+00:00,-0.0006000000000000001
2023-04-01 00:00:00+00:00,-0.0009900909860867774
2023-04-02 00:00:00+00:00,-0.009935381348483596
2023-04-03 00:00:00+00:00,-0.013319744897234531
2023-04-04 00:00:00+00:00,0.013283620227380055
2023-04-05 00:00:00+00:00,-4.262090129003582e-05
2023-04-06 00:00:00+00:00,-0.0006000000000000001
2023-04-07 00:00:00+00:00,-0.00531401858486653
2023-04-08 00:00:00+00:00,-0.0006000000000000001
2023-04-09 00:00:00+00:00,0.0
2023-04-10 00:00:00+00:00,0.04580508099783091
2023-04-11 00:00:00+00:00,0.01897168088417489
2023-04-12 00:00:00+00:00,-0.010273280525822326
2023-04-13 00:00:00+00:00,0.01632468619246863
2023-04-14 00:00:00+00:00,0.002977337325073215
2023-04-15 00:00:00+00:00,-0.005671015430284476
2023-04-16 00:00:00+00:00,0.00020475290947263858
2023-04-17 00:00:00+00:00,-0.028613314138926094
2023-04-18 00:00:00+00:00,-0.0006000000000000001
2023-04-19 00:00:00+00:00,-0.05232595485710896
2023-04-20 00:00:00+00:00,-0.0006000000000000001
2023-04-21 00:00:00+00:00,-0.0
2023-04-22 00:00:00+00:00,0.0
2023-04-23 00:00:00+00:00,-0.0
2023-04-24 00:00:00+00:00,-0.0
2023-04-25 00:00:00+00:00,0.0
2023-04-26 00:00:00+00:00,0.0
2023-04-27 00:00:00+00:00,0.0
2023-04-28 00:00:00+00:00,-0.005997331884992695
2023-04-29 00:00:00+00:00,-0.0029795221843003095
2023-04-30 00:00:00+00:00,0.000352586375103936
2023-05-01 00:00:00+00:00,-0.03998904972111006
2023-05-02 00:00:00+00:00,0.02146187407322908
2023-05-03 00:00:00+00:00,0.012628897457819477
2023-05-04 00:00:00+00:00,-0.006630275962837384
2023-05-05 00:00:00+00:00,-0.0006000000000000001
2023-05-06 00:00:00+00:00,-0.02276570876354207
2023-05-07 00:00:00+00:00,-0.0006000000000000001
2023-05-08 00:00:00+00:00,-0.0
2023-05-09 00:00:00+00:00,-0.0
2023-05-10 00:00:00+00:00,-0.0
2023-05-11 00:00:00+00:00,-0.0
2023-05-12 00:00:00+00:00,-0.0
2023-05-13 00:00:00+00:00,-0.0
2023-05-14 00:00:00+00:00,0.0
2023-05-15 00:00:00+00:00,0.0
2023-05-16 00:00:00+00:00,-0.0
2023-05-17 00:00:00+00:00,0.0
2023-05-18 00:00:00+00:00,-0.0
2023-05-19 00:00:00+00:00,0.0
2023-05-20 00:00:00+00:00,0.007565209656830541
2023-05-21 00:00:00+00:00,-0.013167463408331637
2023-05-22 00:00:00+00:00,-0.0006000000000000001
2023-05-23 00:00:00+00:00,0.0
2023-05-24 00:00:00+00:00,-0.03353286634644022
2023-05-25 00:00:00+00:00,-0.0006000000000000001
2023-05-26 00:00:00+00:00,0.0
2023-05-27 00:00:00+00:00,0.0
2023-05-28 00:00:00+00:00,0.0
2023-05-29 00:00:00+00:00,-0.012494196188296901
2023-05-30 00:00:00+00:00,-0.0015114349614026024
2023-05-31 00:00:00+00:00,-0.017304850777273173
2023-06-01 00:00:00+00:00,-0.014550882133443133
2023-06-02 00:00:00+00:00,0.015761808299105118
2023-06-03 00:00:00+00:00,-0.006350127443274789
2023-06-04 00:00:00+00:00,0.0017556893575656485
2023-06-05 00:00:00+00:00,-0.0006000000000000001
2023-06-06 00:00:00+00:00,0.0
2023-06-07 00:00:00+00:00,-0.0
2023-06-08 00:00:00+00:00,0.0
2023-06-09 00:00:00+00:00,-0.0
2023-06-10 00:00:00+00:00,-0.0
2023-06-11 00:00:00+00:00,0.0
2023-06-12 00:00:00+00:00,-0.0
2023-06-13 00:00:00+00:00,0.00029593277414778955
2023-06-14 00:00:00+00:00,-0.0006000000000000001
2023-06-15 00:00:00+00:00,0.0
2023-06-16 00:00:00+00:00,0.0
2023-06-17 00:00:00+00:00,0.0
2023-06-18 00:00:00+00:00,-0.007359993813398535
2023-06-19 00:00:00+00:00,0.018944385997561763
2023-06-20 00:00:00+00:00,0.0544980151704344
2023-06-21 00:00:00+00:00,0.060016401207468206
2023-06-22 00:00:00+00:00,-0.0037847841672641325
2023-06-23 00:00:00+00:00,0.026724686192468594
2023-06-24 00:00:00+00:00,-0.0048641493932853885
2023-06-25 00:00:00+00:00,-0.002168771007921566
2023-06-26 00:00:00+00:00,-0.00649747192855743
2023-06-27 00:00:00+00:00,0.013982108453045594
2023-06-28 00:00:00+00:00,-0.020105464879804025
2023-06-29 00:00:00+00:00,0.012425872155868989
2023-06-30 00:00:00+00:00,0.0006668878675686329
2023-07-01 00:00:00+00:00,-0.0006000000000000001
2023-07-02 00:00:00+00:00,0.0006788811262005594
2023-07-03 00:00:00+00:00,0.017518872886089776
2023-07-04 00:00:00+00:00,-0.012613567048701424
2023-07-05 00:00:00+00:00,-0.008703964416814758
2023-07-06 00:00:00+00:00,-0.020138806890489525
2023-07-07 00:00:00+00:00,-0.0006000000000000001
2023-07-08 00:00:00+00:00,-0.0
2023-07-09 00:00:00+00:00,-0.0
2023-07-10 00:00:00+00:00,0.0
2023-07-11 00:00:00+00:00,0.0
2023-07-12 00:00:00+00:00,-0.0
2023-07-13 00:00:00+00:00,0.0
2023-07-14 00:00:00+00:00,-0.03712474261887884
2023-07-15 00:00:00+00:00,-0.0006000000000000001
2023-07-16 00:00:00+00:00,-0.002568529944115005
2023-07-17 00:00:00+00:00,-0.003001641470969818
2023-07-18 00:00:00+00:00,-0.0006000000000000001
2023-07-19 00:00:00+00:00,0.0
2023-07-20 00:00:00+00:00,-0.0
2023-07-21 00:00:00+00:00,0.0
2023-07-22 00:00:00+00:00,-0.0
2023-07-23 00:00:00+00:00,0.0
2023-07-24 00:00:00+00:00,-0.0
2023-07-25 00:00:00+00:00,0.0
2023-07-26 00:00:00+00:00,0.0
2023-07-27 00:00:00+00:00,-0.0
2023-07-28 00:00:00+00:00,0.0
2023-07-29 00:00:00+00:00,0.0
2023-07-30 00:00:00+00:00,-0.0
2023-07-31 00:00:00+00:00,-0.0
2023-08-01 00:00:00+00:00,0.015840343864644325
2023-08-02 00:00:00+00:00,-0.01788143240003781
2023-08-03 00:00:00+00:00,-0.0006000000000000001
2023-08-04 00:00:00+00:00,-0.0
2023-08-05 00:00:00+00:00,-0.0
2023-08-06 00:00:00+00:00,0.0
2023-08-07 00:00:00+00:00,0.0
2023-08-08 00:00:00+00:00,0.0
2023-08-09 00:00:00+00:00,-0.006856930676434069
2023-08-10 00:00:00+00:00,-0.004365498025212355
2023-08-11 00:00:00+00:00,-0.0009577600641224038
2023-08-12 00:00:00+00:00,0.0001767775492511614
2023-08-13 00:00:00+00:00,-0.0043302844595812795
2023-08-14 00:00:00+00:00,0.004308152376140573
2023-08-15 00:00:00+00:00,-0.007841737623005218
2023-08-16 00:00:00+00:00,-0.0006000000000000001
2023-08-17 00:00:00+00:00,-0.0
2023-08-18 00:00:00+00:00,-0.0
2023-08-19 00:00:00+00:00,0.0
2023-08-20 00:00:00+00:00,0.0
2023-08-21 00:00:00+00:00,-0.0
2023-08-22 00:00:00+00:00,-0.0
2023-08-23 00:00:00+00:00,0.0
2023-08-24 00:00:00+00:00,-0.0
2023-08-25 00:00:00+00:00,-0.0
2023-08-26 00:00:00+00:00,-0.0024194589988369535
2023-08-27 00:00:00+00:00,-0.0006000000000000001
2023-08-28 00:00:00+00:00,0.0
2023-08-29 00:00:00+00:00,0.0
2023-08-30 00:00:00+00:00,-0.015390560322886836
2023-08-31 00:00:00+00:00,-0.049922317005247296
2023-09-01 00:00:00+00:00,-0.0006000000000000001
2023-09-02 00:00:00+00:00,0.0
2023-09-03 00:00:00+00:00,0.0
2023-09-04 00:00:00+00:00,-0.0
2023-09-05 00:00:00+00:00,-0.0
2023-09-06 00:00:00+00:00,-0.0
2023-09-07 00:00:00+00:00,0.0
2023-09-08 00:00:00+00:00,-0.013591269287785823
2023-09-09 00:00:00+00:00,-0.00027799442466736046
2023-09-10 00:00:00+00:00,-0.0024794728995928272
2023-09-11 00:00:00+00:00,-0.0006000000000000001
2023-09-12 00:00:00+00:00,0.0
2023-09-13 00:00:00+00:00,0.014272724175049923
2023-09-14 00:00:00+00:00,0.011461318051575908
2023-09-15 00:00:00+00:00,0.003047871959200643
2023-09-16 00:00:00+00:00,-0.0016622102884046308
2023-09-17 00:00:00+00:00,-0.0012317822419943836
2023-09-18 00:00:00+00:00,0.008889576151646983
2023-09-19 00:00:00+00:00,0.01667669785681447
2023-09-20 00:00:00+00:00,-0.0032468010001470704
2023-09-21 00:00:00+00:00,-0.020477576481959026
2023-09-22 00:00:00+00:00,0.0005310214442277861
2023-09-23 00:00:00+00:00,-0.0006000000000000001
2023-09-24 00:00:00+00:00,-0.013049601138421196
2023-09-25 00:00:00+00:00,-0.0006000000000000001
2023-09-26 00:00:00+00:00,-0.0
2023-09-27 00:00:00+00:00,0.0
2023-09-28 00:00:00+00:00,0.0
2023-09-29 00:00:00+00:00,-0.005075821677933256
2023-09-30 00:00:00+00:00,0.0022312380768214624
2023-10-01 00:00:00+00:00,0.03823619990427041
2023-10-02 00:00:00+00:00,-0.018004817485901436
2023-10-03 00:00:00+00:00,-0.0023873991906133707
2023-10-04 00:00:00+00:00,0.012687873923828974
2023-10-05 00:00:00+00:00,-0.013018825784047339
2023-10-06 00:00:00+00:00,0.018902563653351967
2023-10-07 00:00:00+00:00,0.0009564304725195871
2023-10-08 00:00:00+00:00,-0.0014959023726872633
2023-10-09 00:00:00+00:00,-0.0006000000000000001
2023-10-10 00:00:00+00:00,-0.007746923486944345
2023-10-11 00:00:00+00:00,-0.0006000000000000001
2023-10-12 00:00:00+00:00,-0.0
2023-10-13 00:00:00+00:00,0.0
2023-10-14 00:00:00+00:00,-0.0
2023-10-15 00:00:00+00:00,0.0
2023-10-16 00:00:00+00:00,0.0
2023-10-17 00:00:00+00:00,-0.004264919628031615
2023-10-18 00:00:00+00:00,-0.0026354824729846182
2023-10-19 00:00:00+00:00,0.013770396826238152
2023-10-20 00:00:00+00:00,0.03331718757078295
2023-10-21 00:00:00+00:00,0.008174552321856154
2023-10-22 00:00:00+00:00,0.002880041745552786
2023-10-23 00:00:00+00:00,0.10314694061337826
2023-10-24 00:00:00+00:00,0.02548829896595506
2023-10-25 00:00:00+00:00,0.016826370256803225
2023-10-26 00:00:00+00:00,-0.00967591344160379
2023-10-27 00:00:00+00:00,-0.007638929554371399
2023-10-28 00:00:00+00:00,0.005709126636395112
2023-10-29 00:00:00+00:00,0.012966972358639417
2023-10-30 00:00:00+00:00,-0.0012974751365533166
2023-10-31 00:00:00+00:00,0.004860253220352773
2023-11-01 00:00:00+00:00,0.022683066196459656
2023-11-02 00:00:00+00:00,-0.014033196566339612
2023-11-03 00:00:00+00:00,-0.006860312363158538
2023-11-04 00:00:00+00:00,0.010642528616384705
2023-11-05 00:00:00+00:00,-0.00126034725133084
2023-11-06 00:00:00+00:00,0.0009107650140611767
2023-11-07 00:00:00+00:00,0.009957954668629032
2023-11-08 00:00:00+00:00,0.006219197040091329
2023-11-09 00:00:00+00:00,0.030673623995486565
2023-11-10 00:00:00+00:00,0.016636936777461697
2023-11-11 00:00:00+00:00,-0.004508389944924307
2023-11-12 00:00:00+00:00,-0.0020612398115283925
2023-11-13 00:00:00+00:00,-0.016159954699276113
2023-11-14 00:00:00+00:00,-0.025412347682137293
2023-11-15 00:00:00+00:00,0.0654292865378665
2023-11-16 00:00:00+00:00,-0.04512532466161279
2023-11-17 00:00:00+00:00,-0.0006000000000000001
2023-11-18 00:00:00+00:00,-0.0
2023-11-19 00:00:00+00:00,0.0
2023-11-20 00:00:00+00:00,0.0017170010621818004
2023-11-21 00:00:00+00:00,-0.04605939272605941
2023-11-22 00:00:00+00:00,0.04690936564345072
2023-11-23 00:00:00+00:00,-0.0006000000000000001
2023-11-24 00:00:00+00:00,0.010447264595393847
2023-11-25 00:00:00+00:00,0.0015992022553259488
2023-11-26 00:00:00+00:00,-0.008703457552440397
2023-11-27 00:00:00+00:00,-0.0054383392230866745
2023-11-28 00:00:00+00:00,-0.0006000000000000001
2023-11-29 00:00:00+00:00,6.116401892513105e-05
2023-11-30 00:00:00+00:00,-0.003179419141530304
2023-12-01 00:00:00+00:00,0.02500742374750775
2023-12-02 00:00:00+00:00,0.020046559751681237
2023-12-03 00:00:00+00:00,0.01381260301762377
2023-12-04 00:00:00+00:00,0.05036055798317651
2023-12-05 00:00:00+00:00,0.049736742464833394
2023-12-06 00:00:00+00:00,-0.006962072696833244
2023-12-07 00:00:00+00:00,-0.010937799830039285
2023-12-08 00:00:00+00:00,0.0210989467849223
2023-12-09 00:00:00+00:00,-0.010748820954772142
2023-12-10 00:00:00+00:00,0.0017309068625768198
2023-12-11 00:00:00+00:00,-0.05795480483907789
2023-12-12 00:00:00+00:00,-0.0006000000000000001
2023-12-13 00:00:00+00:00,0.0
2023-12-14 00:00:00+00:00,0.0
2023-12-15 00:00:00+00:00,-0.0
2023-12-16 00:00:00+00:00,0.0
2023-12-17 00:00:00+00:00,-0.0
2023-12-18 00:00:00+00:00,0.0
2023-12-19 00:00:00+00:00,-0.009350530210889007
2023-12-20 00:00:00+00:00,0.03334885799192877
2023-12-21 00:00:00+00:00,0.00428745633040406
2023-12-22 00:00:00+00:00,0.0023441611251973082
2023-12-23 00:00:00+00:00,-0.006227385952471853
2023-12-24 00:00:00+00:00,-0.016393292655036307
2023-12-25 00:00:00+00:00,0.014032142558197958
2023-12-26 00:00:00+00:00,-0.024612548409952417
2023-12-27 00:00:00+00:00,0.021516978736908943
2023-12-28 00:00:00+00:00,-0.0006000000000000001
2023-12-29 00:00:00+00:00,-0.0
2023-12-30 00:00:00+00:00,0.0
2023-12-31 00:00:00+00:00,0.0
2024-01-01 00:00:00+00:00,0.0
2024-01-02 00:00:00+00:00,0.016347696370353427
2024-01-03 00:00:00+00:00,-0.047361259943352385
2024-01-04 00:00:00+00:00,-0.0006000000000000001
2024-01-05 00:00:00+00:00,-0.0005637548194764137
2024-01-06 00:00:00+00:00,-0.004274511047583807
2024-01-07 00:00:00+00:00,-0.0009054364863603226
2024-01-08 00:00:00+00:00,0.06958141398869211
2024-01-09 00:00:00+00:00,-0.018280831206211157
2024-01-10 00:00:00+00:00,0.011903109684694435
2024-01-11 00:00:00+00:00,-0.006966990907123161
2024-01-12 00:00:00+00:00,-0.07658758076559524
2024-01-13 00:00:00+00:00,-0.0006000000000000001
2024-01-14 00:00:00+00:00,-0.0
2024-01-15 00:00:00+00:00,0.0
2024-01-16 00:00:00+00:00,0.0
2024-01-17 00:00:00+00:00,-0.0
2024-01-18 00:00:00+00:00,-0.0
2024-01-19 00:00:00+00:00,0.0
2024-01-20 00:00:00+00:00,0.0
2024-01-21 00:00:00+00:00,-0.0
2024-01-22 00:00:00+00:00,-0.0
2024-01-23 00:00:00+00:00,0.0
2024-01-24 00:00:00+00:00,0.0
2024-01-25 00:00:00+00:00,-0.0
2024-01-26 00:00:00+00:00,0.0
2024-01-27 00:00:00+00:00,0.006475471698113178
2024-01-28 00:00:00+00:00,-0.0019238899629948625
2024-01-29 00:00:00+00:00,0.030139548608797417
2024-01-30 00:00:00+00:00,-0.00853360192387198
2024-01-31 00:00:00+00:00,-0.008336770095740076
2024-02-01 00:00:00+00:00,0.012032283455316595
2024-02-02 00:00:00+00:00,0.0025398977540247447
2024-02-03 00:00:00+00:00,-0.004390718354870038
2024-02-04 00:00:00+00:00,-0.009818014346721693
2024-02-05 00:00:00+00:00,0.002879942119270895
2024-02-06 00:00:00+00:00,-0.0006000000000000001
2024-02-07 00:00:00+00:00,0.028349072752216143
2024-02-08 00:00:00+00:00,0.021271843740271024
2024-02-09 00:00:00+00:00,0.04080045770735441
2024-02-10 00:00:00+00:00,0.013084699285382362
2024-02-11 00:00:00+00:00,0.0119582842753172
2024-02-12 00:00:00+00:00,0.03395620184086412
2024-02-13 00:00:00+00:00,-0.004949583129770341
2024-02-14 00:00:00+00:00,0.04279585644030548
2024-02-15 00:00:00+00:00,0.001453017181494154
2024-02-16 00:00:00+00:00,0.004819021744366436
2024-02-17 00:00:00+00:00,-0.008997365221693365
2024-02-18 00:00:00+00:00,0.009607309682387877
2024-02-19 00:00:00+00:00,-0.0069399857022111044
2024-02-20 00:00:00+00:00,0.009333420826111993
2024-02-21 00:00:00+00:00,-0.008023343416689865
2024-02-22 00:00:00+00:00,-0.010811946535897898
2024-02-23 00:00:00+00:00,-0.0006000000000000001
2024-02-24 00:00:00+00:00,0.0
2024-02-25 00:00:00+00:00,0.0
2024-02-26 00:00:00+00:00,0.0
2024-02-27 00:00:00+00:00,0.04641568106604825
2024-02-28 00:00:00+00:00,0.09484796187439226
2024-02-29 00:00:00+00:00,-0.020557579947477755
2024-03-01 00:00:00+00:00,0.020052840288023566
2024-03-02 00:00:00+00:00,-0.006258149048703587
2024-03-03 00:00:00+00:00,0.018352705275153536
2024-03-04 00:00:00+00:00,0.08100698813678697
2024-03-05 00:00:00+00:00,-0.06660673183359578
2024-03-06 00:00:00+00:00,0.03734583684981674
2024-03-07 00:00:00+00:00,0.011219133772178536
2024-03-08 00:00:00+00:00,0.019593240616120777
2024-03-09 00:00:00+00:00,0.002638595956010903
2024-03-10 00:00:00+00:00,0.009387054729293798
2024-03-11 00:00:00+00:00,0.045679967768956775
2024-03-12 00:00:00+00:00,-0.009016850117388175
2024-03-13 00:00:00+00:00,0.022717864375300767
2024-03-14 00:00:00+00:00,-0.022865511790350124
2024-03-15 00:00:00+00:00,-0.026636158168370616
2024-03-16 00:00:00+00:00,-0.06040355301485789
2024-03-17 00:00:00+00:00,-0.0006000000000000001
2024-03-18 00:00:00+00:00,-0.0
2024-03-19 00:00:00+00:00,-0.0
2024-03-20 00:00:00+00:00,0.0
2024-03-21 00:00:00+00:00,-0.0
2024-03-22 00:00:00+00:00,-0.0
2024-03-23 00:00:00+00:00,0.0
2024-03-24 00:00:00+00:00,0.0
2024-03-25 00:00:00+00:00,0.0
2024-03-26 00:00:00+00:00,0.0011677219127438803
2024-03-27 00:00:00+00:00,-0.007302542255521849
2024-03-28 00:00:00+00:00,0.01878399484558302
2024-03-29 00:00:00+00:00,-0.013200411639400333
2024-03-30 00:00:00+00:00,-0.003740865992595488
2024-03-31 00:00:00+00:00,0.024710627623233616
2024-04-01 00:00:00+00:00,-0.023303392514328114
2024-04-02 00:00:00+00:00,-0.0006000000000000001
2024-04-03 00:00:00+00:00,0.0
2024-04-04 00:00:00+00:00,0.0
2024-04-05 00:00:00+00:00,-0.0
2024-04-06 00:00:00+00:00,0.0
2024-04-07 00:00:00+00:00,0.0
2024-04-08 00:00:00+00:00,0.0
2024-04-09 00:00:00+00:00,-0.03532594254336026
2024-04-10 00:00:00+00:00,0.021569809204602386
2024-04-11 00:00:00+00:00,-0.008856606448345183
2024-04-12 00:00:00+00:00,-0.04167112740290946
2024-04-13 00:00:00+00:00,-0.0006000000000000001
2024-04-14 00:00:00+00:00,0.0
2024-04-15 00:00:00+00:00,-0.0
2024-04-16 00:00:00+00:00,0.0
2024-04-17 00:00:00+00:00,-0.0
2024-04-18 00:00:00+00:00,0.0
2024-04-19 00:00:00+00:00,0.0
2024-04-20 00:00:00+00:00,0.0
2024-04-21 00:00:00+00:00,-0.0003627016265724365
2024-04-22 00:00:00+00:00,-0.0006000000000000001
2024-04-23 00:00:00+00:00,-0.006465704273862571
2024-04-24 00:00:00+00:00,-0.03217983228467325
2024-04-25 00:00:00+00:00,0.0035610894941635607
2024-04-26 00:00:00+00:00,-0.011321550649205592
2024-04-27 00:00:00+00:00,-0.0006000000000000001
2024-04-28 00:00:00+00:00,-0.0
2024-04-29 00:00:00+00:00,0.0
2024-04-30 00:00:00+00:00,-0.0
2024-05-01 00:00:00+00:00,-0.0
2024-05-02 00:00:00+00:00,0.0
2024-05-03 00:00:00+00:00,0.0
2024-05-04 00:00:00+00:00,0.0
2024-05-05 00:00:00+00:00,0.0013384882297124317
2024-05-06 00:00:00+00:00,-0.013208726636244283
2024-05-07 00:00:00+00:00,-0.0006000000000000001
2024-05-08 00:00:00+00:00,-0.018869230769230704
2024-05-09 00:00:00+00:00,0.030939584256490127
2024-05-10 00:00:00+00:00,-0.036034835789316766
2024-05-11 00:00:00+00:00,-0.0006000000000000001
2024-05-12 00:00:00+00:00,0.0
2024-05-13 00:00:00+00:00,0.0
2024-05-14 00:00:00+00:00,-0.0
2024-05-15 00:00:00+00:00,0.0
2024-05-16 00:00:00+00:00,-0.01507214523826068
2024-05-17 00:00:00+00:00,0.027021805430121004
2024-05-18 00:00:00+00:00,-0.0014198268139744563
2024-05-19 00:00:00+00:00,-0.009650907753468996
2024-05-20 00:00:00+00:00,0.07891224860128565
2024-05-21 00:00:00+00:00,-0.018158158018092396
2024-05-22 00:00:00+00:00,-0.013534505364207416
2024-05-23 00:00:00+00:00,-0.01761363554279105
2024-05-24 00:00:00+00:00,0.008591189104689922
2024-05-25 00:00:00+00:00,0.0106482406272006
2024-05-26 00:00:00+00:00,-0.011398785822282154
2024-05-27 00:00:00+00:00,0.01367835935573214
2024-05-28 00:00:00+00:00,-0.0006000000000000001
2024-05-29 00:00:00+00:00,-0.0
2024-05-30 00:00:00+00:00,0.0
2024-05-31 00:00:00+00:00,-0.012655114944629297
2024-06-01 00:00:00+00:00,-0.0006000000000000001
2024-06-02 00:00:00+00:00,0.0
2024-06-03 00:00:00+00:00,0.0
2024-06-04 00:00:00+00:00,0.0
2024-06-05 00:00:00+00:00,0.007239331255313109
2024-06-06 00:00:00+00:00,-0.004263825803104915
2024-06-07 00:00:00+00:00,-0.020513906536778204
2024-06-08 00:00:00+00:00,-0.00043962696570909454
2024-06-09 00:00:00+00:00,0.004623160505577095
2024-06-10 00:00:00+00:00,-0.0015559711829544742
2024-06-11 00:00:00+00:00,-0.032174264326389035
2024-06-12 00:00:00+00:00,-0.0006000000000000001
2024-06-13 00:00:00+00:00,-0.0
2024-06-14 00:00:00+00:00,-0.0
2024-06-15 00:00:00+00:00,0.0
2024-06-16 00:00:00+00:00,0.0
2024-06-17 00:00:00+00:00,-0.0
2024-06-18 00:00:00+00:00,-0.0
2024-06-19 00:00:00+00:00,-0.0
2024-06-20 00:00:00+00:00,-0.0
2024-06-21 00:00:00+00:00,-0.0
2024-06-22 00:00:00+00:00,0.0
2024-06-23 00:00:00+00:00,-0.0
2024-06-24 00:00:00+00:00,-0.0
2024-06-25 00:00:00+00:00,0.0
2024-06-26 00:00:00+00:00,-0.0
2024-06-27 00:00:00+00:00,0.0
2024-06-28 00:00:00+00:00,-0.0
2024-06-29 00:00:00+00:00,0.0
2024-06-30 00:00:00+00:00,0.0
2024-07-01 00:00:00+00:00,0.0
2024-07-02 00:00:00+00:00,-0.01268582205853359
2024-07-03 00:00:00+00:00,-0.03083530252593214
2024-07-04 00:00:00+00:00,-0.0006000000000000001
2024-07-05 00:00:00+00:00,-0.0
2024-07-06 00:00:00+00:00,0.0
2024-07-07 00:00:00+00:00,-0.0
2024-07-08 00:00:00+00:00,0.0
2024-07-09 00:00:00+00:00,0.0
2024-07-10 00:00:00+00:00,-0.0
2024-07-11 00:00:00+00:00,-0.0
2024-07-12 00:00:00+00:00,0.009074520853870217
2024-07-13 00:00:00+00:00,0.022533264212891035
2024-07-14 00:00:00+00:00,0.02690370770946693
2024-07-15 00:00:00+00:00,0.06442089326267975
2024-07-16 00:00:00+00:00,0.0050927171362047385
2024-07-17 00:00:00+00:00,-0.014679280110752257
2024-07-18 00:00:00+00:00,-0.0014955733837893614
2024-07-19 00:00:00+00:00,0.041713636200181536
2024-07-20 00:00:00+00:00,0.007019581886867465
2024-07-21 00:00:00+00:00,0.015536041111488652
2024-07-22 00:00:00+00:00,-0.00937509172561568
2024-07-23 00:00:00+00:00,-0.023449166804939914
2024-07-24 00:00:00+00:00,-0.008580565686232777
2024-07-25 00:00:00+00:00,0.006460517698329671
2024-07-26 00:00:00+00:00,0.03207243093670664
2024-07-27 00:00:00+00:00,-0.00012816263396309147
2024-07-28 00:00:00+00:00,0.005034343148608178
2024-07-29 00:00:00+00:00,-0.02148338720671983
2024-07-30 00:00:00+00:00,-0.0006000000000000001
2024-07-31 00:00:00+00:00,-0.024141663832598036
2024-08-01 00:00:00+00:00,-0.0006000000000000001
2024-08-02 00:00:00+00:00,-0.0
2024-08-03 00:00:00+00:00,-0.0
2024-08-04 00:00:00+00:00,-0.0
2024-08-05 00:00:00+00:00,-0.0
2024-08-06 00:00:00+00:00,0.0
2024-08-07 00:00:00+00:00,-0.0
2024-08-08 00:00:00+00:00,0.0
2024-08-09 00:00:00+00:00,-0.0
2024-08-10 00:00:00+00:00,0.0
2024-08-11 00:00:00+00:00,-0.03667823300744462
2024-08-12 00:00:00+00:00,0.010742318943794071
2024-08-13 00:00:00+00:00,0.020681482580288568
2024-08-14 00:00:00+00:00,-0.03141840282078601
2024-08-15 00:00:00+00:00,-0.019388522390324625
2024-08-16 00:00:00+00:00,-0.0006000000000000001
2024-08-17 00:00:00+00:00,0.0
2024-08-18 00:00:00+00:00,-0.0
2024-08-19 00:00:00+00:00,0.0
2024-08-20 00:00:00+00:00,-0.007596809683746163
2024-08-21 00:00:00+00:00,-0.0006000000000000001
2024-08-22 00:00:00+00:00,-0.013199803664921416
2024-08-23 00:00:00+00:00,0.060812031171551206
2024-08-24 00:00:00+00:00,0.0015089058245951747
2024-08-25 00:00:00+00:00,0.0011494701051990575
2024-08-26 00:00:00+00:00,-0.021539113447224034
2024-08-27 00:00:00+00:00,-0.05450136607671685
2024-08-28 00:00:00+00:00,-0.0063063594035480675
2024-08-29 00:00:00+00:00,-0.0006000000000000001
2024-08-30 00:00:00+00:00,-0.0
2024-08-31 00:00:00+00:00,-0.0
2024-09-01 00:00:00+00:00,-0.0
2024-09-02 00:00:00+00:00,0.0
2024-09-03 00:00:00+00:00,-0.0
2024-09-04 00:00:00+00:00,0.0
2024-09-05 00:00:00+00:00,-0.0
2024-09-06 00:00:00+00:00,-0.0
2024-09-07 00:00:00+00:00,0.0
2024-09-08 00:00:00+00:00,0.0
2024-09-09 00:00:00+00:00,0.0
2024-09-10 00:00:00+00:00,0.0
2024-09-11 00:00:00+00:00,-0.00586132156204484
2024-09-12 00:00:00+00:00,-0.0006000000000000001
2024-09-13 00:00:00+00:00,0.04000794877532392
2024-09-14 00:00:00+00:00,-0.008141431317218006
2024-09-15 00:00:00+00:00,-0.01440030685077709
2024-09-16 00:00:00+00:00,-0.015456722024348335
2024-09-17 00:00:00+00:00,0.03598741987041776
2024-09-18 00:00:00+00:00,0.024125346294852523
2024-09-19 00:00:00+00:00,0.019301760905025223
2024-09-20 00:00:00+00:00,0.003953794005425282
2024-09-21 00:00:00+00:00,0.002293603394976307
2024-09-22 00:00:00+00:00,0.0037554918936333337
2024-09-23 00:00:00+00:00,-0.0040340851877957995
2024-09-24 00:00:00+00:00,0.014866828852168945
2024-09-25 00:00:00+00:00,-0.01750693848833562
2024-09-26 00:00:00+00:00,0.03201602068493492
2024-09-27 00:00:00+00:00,0.009370701513067514
2024-09-28 00:00:00+00:00,0.0011102729142078438
2024-09-29 00:00:00+00:00,-0.003866453163503092
2024-09-30 00:00:00+00:00,-0.03445272929976628
2024-10-01 00:00:00+00:00,-0.039998989086876824
2024-10-02 00:00:00+00:00,-0.0006000000000000001
2024-10-03 00:00:00+00:00,0.0
2024-10-04 00:00:00+00:00,0.0
2024-10-05 00:00:00+00:00,-0.0
2024-10-06 00:00:00+00:00,0.0
2024-10-07 00:00:00+00:00,-0.0
2024-10-08 00:00:00+00:00,-0.0
2024-10-09 00:00:00+00:00,-0.025149465087869704
2024-10-10 00:00:00+00:00,-0.0006000000000000001
2024-10-11 00:00:00+00:00,0.0
2024-10-12 00:00:00+00:00,0.010070463453262835
2024-10-13 00:00:00+00:00,-0.005321641129542809
2024-10-14 00:00:00+00:00,0.05132256945439018
2024-10-15 00:00:00+00:00,0.014821788877301234
2024-10-16 00:00:00+00:00,0.008172232903417287
2024-10-17 00:00:00+00:00,-0.0028183808734761895
2024-10-18 00:00:00+00:00,0.014929934793736166
2024-10-19 00:00:00+00:00,-0.0007411435538052791
2024-10-20 00:00:00+00:00,0.009699065642047477
2024-10-21 00:00:00+00:00,-0.02392491462631907
2024-10-22 00:00:00+00:00,0.0005581218605643645
2024-10-23 00:00:00+00:00,-0.011263025469391619
2024-10-24 00:00:00+00:00,-0.0006000000000000001
2024-10-25 00:00:00+00:00,-0.022763939812655298
2024-10-26 00:00:00+00:00,-0.0006000000000000001
2024-10-27 00:00:00+00:00,0.0
2024-10-28 00:00:00+00:00,0.0
2024-10-29 00:00:00+00:00,0.03942716614240786
2024-10-30 00:00:00+00:00,-0.005368472425573478
2024-10-31 00:00:00+00:00,-0.02801835547139564
2024-11-01 00:00:00+00:00,-0.01175167337628813
2024-11-02 00:00:00+00:00,-0.0018547963537206558
2024-11-03 00:00:00+00:00,-0.00870880221893544
2024-11-04 00:00:00+00:00,-0.013498636611525172
2024-11-05 00:00:00+00:00,-0.0006000000000000001
2024-11-06 00:00:00+00:00,0.0
2024-11-07 00:00:00+00:00,0.0030980731649551847
2024-11-08 00:00:00+00:00,0.008209925203732205
2024-11-09 00:00:00+00:00,0.0025221554819292447
2024-11-10 00:00:00+00:00,0.04871072877635618
2024-11-11 00:00:00+00:00,0.10345603780624302
2024-11-12 00:00:00+00:00,-0.008530478795522045
2024-11-13 00:00:00+00:00,0.027750875278497844
2024-11-14 00:00:00+00:00,-0.03351940477783699
2024-11-15 00:00:00+00:00,0.042249781707363265
2024-11-16 00:00:00+00:00,-0.004735678224225048
2024-11-17 00:00:00+00:00,-0.008201378369940282
2024-11-18 00:00:00+00:00,0.00675751585930584
2024-11-19 00:00:00+00:00,0.02020276795046594
2024-11-20 00:00:00+00:00,0.02114128957426109
2024-11-21 00:00:00+00:00,0.04325895129815027
2024-11-22 00:00:00+00:00,0.005638081141198015
2024-11-23 00:00:00+00:00,-0.01208939622771199
2024-11-24 00:00:00+00:00,0.0024036715084598814
2024-11-25 00:00:00+00:00,-0.049983462705338044
2024-11-26 00:00:00+00:00,-0.011203043067136709
2024-11-27 00:00:00+00:00,-0.0006000000000000001
2024-11-28 00:00:00+00:00,-0.0027980038621471907
2024-11-29 00:00:00+00:00,-0.0006000000000000001
2024-11-30 00:00:00+00:00,-0.0
2024-12-01 00:00:00+00:00,0.0
2024-12-02 00:00:00+00:00,-0.0
2024-12-03 00:00:00+00:00,-0.0003622287922161011
2024-12-04 00:00:00+00:00,0.028739497024917293
2024-12-05 00:00:00+00:00,-0.01690790900559247
2024-12-06 00:00:00+00:00,0.028875842126152795
2024-12-07 00:00:00+00:00,0.0009689136043686819
2024-12-08 00:00:00+00:00,0.013021125294296665
2024-12-09 00:00:00+00:00,-0.03805237154150187
2024-12-10 00:00:00+00:00,-0.007670332853616624
2024-12-11 00:00:00+00:00,0.04671623065265473
2024-12-12 00:00:00+00:00,-0.011204041327079195
2024-12-13 00:00:00+00:00,0.013897445950487253
2024-12-14 00:00:00+00:00,8.976846640940117e-05
2024-12-15 00:00:00+00:00,0.030374527771475757
2024-12-16 00:00:00+00:00,0.014960693238777578
2024-12-17 00:00:00+00:00,0.00048479955330549274
2024-12-18 00:00:00+00:00,-0.05555995497508359
2024-12-19 00:00:00+00:00,-0.0006000000000000001
2024-12-20 00:00:00+00:00,0.0
2024-12-21 00:00:00+00:00,-0.0
2024-12-22 00:00:00+00:00,-0.0
2024-12-23 00:00:00+00:00,-0.0
2024-12-24 00:00:00+00:00,0.0
2024-12-25 00:00:00+00:00,0.0
2024-12-26 00:00:00+00:00,-0.0
2024-12-27 00:00:00+00:00,-0.0
2024-12-28 00:00:00+00:00,0.0
2024-12-29 00:00:00+00:00,-0.0
2024-12-30 00:00:00+00:00,-0.0
2024-12-31 00:00:00+00:00,0.0
