date,side,entry_time_utc,entry_price,exit_price,exit_reason,qty,stop_dist,r_multiple,pnl_usd,ambiguous
2021-06-14,BUY,2021-06-14T16:05:00+00:00,14049.0,14115.0,EOD,1,83.75,0.7881,130.52,False
2021-06-15,SELL,2021-06-15T14:29:00+00:00,14069.75,14023.5,EOD,2,60.75,0.7613,182.04,False
2021-06-16,BUY,2021-06-16T14:08:00+00:00,14092.0,14042.5,STOP,2,49.5,-1.0,-200.96,False
2021-06-17,BUY,2021-06-17T14:03:00+00:00,14035.75,14173.25,EOD,1,103.75,1.3253,273.52,False
2021-06-18,SELL,2021-06-18T15:13:00+00:00,14042.75,14078.0,EOD,1,88.75,-0.3972,-71.98,False
2021-06-21,BUY,2021-06-21T14:11:00+00:00,14074.5,14131.75,EOD,1,116.0,0.4935,113.02,False
2021-06-22,BUY,2021-06-22T14:32:00+00:00,14179.25,14264.0,EOD,1,71.75,1.1812,168.02,False
2021-06-23,SELL,2021-06-23T15:05:00+00:00,14252.5,14259.25,EOD,2,59.25,-0.1139,-29.96,False
2021-06-24,BUY,2021-06-24T14:06:00+00:00,14388.75,14344.0,STOP,2,44.75,-1.0,-181.96,False
2021-06-25,SELL,2021-06-25T14:12:00+00:00,14325.5,14325.0,EOD,1,65.0,0.0077,-0.48,False
2021-06-28,BUY,2021-06-28T14:02:00+00:00,14461.75,14517.25,EOD,1,71.0,0.7817,109.52,False
2021-06-29,BUY,2021-06-29T16:19:00+00:00,14530.5,14559.0,EOD,2,60.0,0.475,111.04,False
2021-06-30,BUY,2021-06-30T15:01:00+00:00,14573.5,14519.75,STOP,2,53.75,-1.0,-217.96,False
2021-07-01,SELL,2021-07-01T14:21:00+00:00,14511.25,14538.5,EOD,2,58.75,-0.4638,-111.96,False
2021-07-02,BUY,2021-07-02T15:55:00+00:00,14670.25,14725.25,EOD,2,51.0,1.0784,217.04,False
2021-07-05,SELL,2021-07-05T16:52:00+00:00,14691.75,14693.25,EOD,10,12.75,-0.1176,-44.8,False
2021-07-06,BUY,2021-07-06T14:08:00+00:00,14778.5,14738.0,STOP,3,40.5,-1.0,-247.44,False
2021-07-07,SELL,2021-07-07T14:04:00+00:00,14811.0,14805.5,EOD,1,72.75,0.0756,9.52,False
2021-07-08,BUY,2021-07-08T14:06:00+00:00,14644.5,14687.75,EOD,1,104.0,0.4159,85.02,False
2021-07-09,BUY,2021-07-09T14:24:00+00:00,14726.0,14823.0,EOD,2,58.0,1.6724,385.04,False
2021-07-12,SELL,2021-07-12T14:02:00+00:00,14808.25,14865.75,EOD,1,80.25,-0.7165,-116.48,False
2021-07-13,BUY,2021-07-13T14:02:00+00:00,14929.75,14842.25,STOP,1,87.5,-1.0,-176.48,False
2021-07-14,BUY,2021-07-14T14:05:00+00:00,14992.25,14935.0,STOP,2,57.25,-1.0,-231.96,False
2021-07-15,SELL,2021-07-15T14:29:00+00:00,14787.5,14781.25,EOD,1,114.75,0.0545,11.02,False
2021-07-16,SELL,2021-07-16T14:09:00+00:00,14797.0,14670.75,EOD,1,72.5,1.7414,251.02,False
2021-07-19,SELL,2021-07-19T14:02:00+00:00,14458.0,14573.5,STOP,1,115.5,-1.0,-232.48,False
2021-07-20,BUY,2021-07-20T14:21:00+00:00,14608.5,14759.25,EOD,1,91.75,1.6431,300.02,False
2021-07-21,BUY,2021-07-21T14:25:00+00:00,14761.25,14819.75,EOD,1,69.0,0.8478,115.52,False
2021-07-22,BUY,2021-07-22T14:04:00+00:00,14895.25,14922.0,EOD,2,55.75,0.4798,104.04,False
2021-07-23,BUY,2021-07-23T14:18:00+00:00,14999.25,15103.5,EOD,1,65.0,1.6038,207.02,False
2021-07-26,BUY,2021-07-26T14:02:00+00:00,15101.75,15108.25,EOD,2,61.5,0.1057,23.04,False
2021-07-27,SELL,2021-07-27T14:06:00+00:00,15016.0,14920.25,EOD,1,91.0,1.0522,190.02,False
2021-07-29,BUY,2021-07-29T15:02:00+00:00,15082.0,15038.75,EOD,1,99.75,-0.4336,-87.98,False
2021-07-30,BUY,2021-07-30T14:02:00+00:00,14960.25,14942.75,EOD,1,94.25,-0.1857,-36.48,False
2021-08-02,BUY,2021-08-02T15:23:00+00:00,15047.5,14935.75,STOP,1,111.75,-1.0,-224.98,False
2021-08-03,SELL,2021-08-03T14:08:00+00:00,14888.75,15008.75,STOP,1,120.0,-1.0,-241.48,False
2021-08-04,SELL,2021-08-04T14:21:00+00:00,15007.5,15069.5,STOP,2,62.0,-1.0,-250.96,False
2021-08-05,BUY,2021-08-05T14:10:00+00:00,15129.0,15159.0,EOD,2,56.0,0.5357,117.04,False
2021-08-06,SELL,2021-08-06T14:06:00+00:00,15097.25,15089.5,EOD,2,52.75,0.1469,28.04,False
2021-08-09,BUY,2021-08-09T18:32:00+00:00,15141.25,15119.25,EOD,1,72.25,-0.3045,-45.48,False
2021-08-10,BUY,2021-08-10T14:02:00+00:00,15155.0,15116.75,STOP,3,38.25,-1.0,-233.94,False
2021-08-11,SELL,2021-08-11T14:12:00+00:00,15042.5,15021.0,EOD,1,76.5,0.281,41.52,False
2021-08-12,BUY,2021-08-12T14:20:00+00:00,15008.5,15088.5,EOD,2,62.0,1.2903,317.04,False
2021-08-13,BUY,2021-08-13T14:12:00+00:00,15110.0,15116.5,EOD,3,41.75,0.1557,34.56,False
2021-08-16,SELL,2021-08-16T14:07:00+00:00,15015.5,15112.25,STOP,1,96.75,-1.0,-194.98,False
2021-08-17,BUY,2021-08-17T14:44:00+00:00,15048.5,14955.0,STOP,1,93.5,-1.0,-188.48,False
2021-08-18,SELL,2021-08-18T15:37:00+00:00,14959.5,14872.5,EOD,1,76.5,1.1373,172.52,False
2021-08-19,BUY,2021-08-19T14:02:00+00:00,14846.25,14924.0,EOD,1,82.5,0.9424,154.02,False
2021-08-20,BUY,2021-08-20T14:04:00+00:00,15048.5,15090.75,EOD,1,89.5,0.4721,83.02,False
2021-08-23,BUY,2021-08-23T14:02:00+00:00,15212.5,15317.75,EOD,1,87.75,1.1994,209.02,False
2021-08-24,BUY,2021-08-24T14:10:00+00:00,15361.25,15348.25,EOD,2,48.25,-0.2694,-54.96,False
2021-08-25,SELL,2021-08-25T14:10:00+00:00,15357.0,15373.25,EOD,3,40.0,-0.4062,-101.94,False
2021-08-26,BUY,2021-08-26T14:07:00+00:00,15363.0,15334.25,STOP,4,28.75,-1.0,-235.92,False
2021-08-27,BUY,2021-08-27T14:03:00+00:00,15364.5,15430.0,EOD,1,80.25,0.8162,129.52,False
2021-08-30,BUY,2021-08-30T14:03:00+00:00,15534.5,15611.5,EOD,1,79.25,0.9716,152.52,False
2021-09-02,SELL,2021-09-02T14:04:00+00:00,15639.25,15597.0,EOD,2,42.75,0.9883,166.04,False
2021-09-03,BUY,2021-09-03T14:02:00+00:00,15646.5,15643.75,EOD,1,92.25,-0.0298,-6.98,False
2021-09-06,BUY,2021-09-06T14:02:00+00:00,15704.25,15701.25,EOD,7,17.5,-0.1714,-52.36,False
2021-09-07,SELL,2021-09-07T14:13:00+00:00,15611.5,15668.75,STOP,2,57.25,-1.0,-231.96,False
2021-09-08,SELL,2021-09-08T14:33:00+00:00,15607.25,15613.0,EOD,2,60.0,-0.0958,-25.96,False
2021-09-09,SELL,2021-09-09T15:27:00+00:00,15617.5,15561.5,EOD,2,58.25,0.9614,221.04,False
2021-09-10,SELL,2021-09-10T14:03:00+00:00,15632.5,15440.5,EOD,3,35.5,5.4085,1147.56,False
2021-09-14,SELL,2021-09-14T14:02:00+00:00,15413.75,15376.25,EOD,1,117.0,0.3205,73.52,False
2021-09-15,SELL,2021-09-15T14:13:00+00:00,15317.0,15433.5,STOP,1,116.5,-1.0,-234.48,False
2021-09-16,SELL,2021-09-16T14:04:00+00:00,15386.25,15472.75,STOP,1,86.5,-1.0,-174.48,False
2021-09-17,SELL,2021-09-17T14:06:00+00:00,15381.75,15321.75,EOD,1,103.25,0.5811,118.52,False
2021-09-20,SELL,2021-09-20T14:21:00+00:00,15022.5,14965.0,EOD,1,128.75,0.4466,113.52,False
2021-09-21,SELL,2021-09-21T14:07:00+00:00,15028.0,15040.0,EOD,1,103.75,-0.1157,-25.48,False
2021-09-22,BUY,2021-09-22T14:02:00+00:00,15099.75,15177.75,EOD,1,85.0,0.9176,154.52,False
2021-09-23,BUY,2021-09-23T14:03:00+00:00,15303.75,15315.0,EOD,1,121.75,0.0924,21.02,False
2021-09-24,BUY,2021-09-24T14:03:00+00:00,15255.0,15323.5,EOD,1,65.25,1.0498,135.52,False
2021-09-28,SELL,2021-09-28T14:02:00+00:00,14902.5,14764.0,EOD,1,126.5,1.0949,275.52,False
2021-09-29,SELL,2021-09-29T15:36:00+00:00,14781.0,14739.25,EOD,1,122.25,0.3415,82.02,False
2021-09-30,SELL,2021-09-30T14:31:00+00:00,14802.0,14707.25,EOD,1,76.75,1.2345,188.02,False
2021-10-05,BUY,2021-10-05T14:02:00+00:00,14598.0,14673.25,EOD,1,100.5,0.7488,149.02,False
2021-10-06,SELL,2021-10-06T14:02:00+00:00,14507.5,14638.5,STOP,1,131.0,-1.0,-263.48,False
2021-10-07,BUY,2021-10-07T14:02:00+00:00,14968.5,14896.75,EOD,1,109.25,-0.6568,-144.98,False
2021-10-08,SELL,2021-10-08T14:41:00+00:00,14839.25,14807.25,EOD,1,103.75,0.3084,62.52,False
2021-10-12,SELL,2021-10-12T14:37:00+00:00,14653.0,14634.25,EOD,1,126.0,0.1488,36.02,False
2021-10-13,SELL,2021-10-13T14:12:00+00:00,14691.25,14778.75,STOP,1,87.5,-1.0,-176.48,False
2021-10-14,BUY,2021-10-14T14:02:00+00:00,14967.25,15039.25,EOD,1,76.75,0.9381,142.52,False
2021-10-15,BUY,2021-10-15T14:58:00+00:00,15101.25,15121.75,EOD,2,52.0,0.3942,79.04,False
2021-10-18,BUY,2021-10-18T14:06:00+00:00,15149.25,15288.5,EOD,1,97.25,1.4319,277.02,False
2021-10-19,BUY,2021-10-19T14:29:00+00:00,15359.75,15387.75,EOD,2,57.75,0.4848,109.04,False
2021-10-20,SELL,2021-10-20T14:02:00+00:00,15391.75,15439.0,STOP,2,47.25,-1.0,-191.96,False
2021-10-21,BUY,2021-10-21T14:09:00+00:00,15399.5,15468.0,EOD,2,65.5,1.0458,271.04,False
2021-10-22,BUY,2021-10-22T14:30:00+00:00,15463.0,15385.5,STOP,1,77.5,-1.0,-156.48,False
2021-10-25,BUY,2021-10-25T15:57:00+00:00,15439.25,15495.75,EOD,1,117.0,0.4829,111.52,False
2021-10-26,BUY,2021-10-26T14:08:00+00:00,15666.25,15580.0,STOP,1,86.25,-1.0,-173.98,False
2021-10-27,BUY,2021-10-27T14:55:00+00:00,15649.0,15601.0,EOD,1,90.25,-0.5319,-97.48,False
2021-10-28,BUY,2021-10-28T14:09:00+00:00,15695.25,15754.5,EOD,2,59.75,0.9916,234.04,False
2021-10-29,BUY,2021-10-29T14:09:00+00:00,15700.5,15835.75,EOD,1,84.75,1.5959,269.02,False
2021-11-01,SELL,2021-11-01T14:02:00+00:00,15784.25,15868.5,STOP,1,84.25,-1.0,-169.98,False
2021-11-02,BUY,2021-11-02T15:45:00+00:00,15972.25,15955.5,EOD,1,108.25,-0.1547,-34.98,False
2021-11-03,SELL,2021-11-03T14:05:00+00:00,15938.75,15997.25,STOP,2,58.5,-1.0,-236.96,False
2021-11-04,BUY,2021-11-04T14:03:00+00:00,16259.0,16337.75,EOD,1,102.0,0.7721,156.02,False
2021-11-05,SELL,2021-11-05T16:58:00+00:00,16368.75,16338.25,EOD,1,79.75,0.3824,59.52,False
2021-11-08,SELL,2021-11-08T15:41:00+00:00,16308.25,16336.0,EOD,1,85.75,-0.3236,-56.98,False
2021-11-11,SELL,2021-11-11T15:17:00+00:00,16048.0,16022.75,EOD,2,62.5,0.404,98.04,False
2021-11-12,BUY,2021-11-12T15:47:00+00:00,16085.0,16187.25,EOD,1,83.25,1.2282,203.02,False
2021-11-15,SELL,2021-11-15T15:11:00+00:00,16184.25,16165.5,EOD,1,70.0,0.2679,36.02,False
2021-11-16,BUY,2021-11-16T15:17:00+00:00,16255.0,16311.25,EOD,1,105.75,0.5319,111.02,False
2021-11-17,BUY,2021-11-17T15:13:00+00:00,16323.5,16313.0,EOD,2,53.5,-0.1963,-44.96,False
2021-11-18,SELL,2021-11-18T15:11:00+00:00,16349.0,16421.0,STOP,1,72.0,-1.0,-145.48,False
2021-11-19,BUY,2021-11-19T16:38:00+00:00,16626.0,16569.0,EOD,1,109.75,-0.5194,-115.48,False
2021-11-22,BUY,2021-11-22T15:02:00+00:00,16745.5,16638.25,STOP,1,107.25,-1.0,-215.98,False
2021-11-24,BUY,2021-11-24T15:02:00+00:00,16218.25,16362.25,EOD,1,116.25,1.2387,286.52,False
2021-11-25,BUY,2021-11-25T15:27:00+00:00,16416.75,16404.5,EOD,3,37.5,-0.3267,-77.94,False
2021-11-29,BUY,2021-11-29T15:03:00+00:00,16309.0,16408.75,EOD,1,100.5,0.9925,198.02,False
2021-11-30,BUY,2021-11-30T15:02:00+00:00,16421.25,16319.0,STOP,1,102.25,-1.0,-205.98,False
2021-12-01,BUY,2021-12-01T15:02:00+00:00,16358.0,16270.5,STOP,1,87.5,-1.0,-176.48,False
2021-12-07,BUY,2021-12-07T15:02:00+00:00,16237.0,16284.5,EOD,1,118.0,0.4025,93.52,False
2021-12-08,BUY,2021-12-08T18:42:00+00:00,16361.75,16392.75,EOD,1,110.25,0.2812,60.52,False
2021-12-09,SELL,2021-12-09T15:08:00+00:00,16319.5,16171.0,EOD,1,94.75,1.5673,295.52,False
2021-12-10,SELL,2021-12-10T15:47:00+00:00,16199.25,16311.5,EOD,1,126.75,-0.8856,-225.98,False
2021-12-13,SELL,2021-12-13T15:22:00+00:00,16242.75,16090.0,EOD,1,96.75,1.5788,304.02,False
2021-12-15,SELL,2021-12-15T16:14:00+00:00,15821.25,15927.75,STOP,1,106.5,-1.0,-214.48,False
2021-12-20,SELL,2021-12-20T15:59:00+00:00,15533.25,15603.25,EOD,1,125.5,-0.5578,-141.48,False
2021-12-22,BUY,2021-12-22T15:39:00+00:00,16062.5,16149.25,EOD,1,129.25,0.6712,172.02,False
2021-12-23,BUY,2021-12-23T15:02:00+00:00,16245.75,16339.0,EOD,1,69.25,1.3466,185.02,False
2021-12-27,BUY,2021-12-27T15:03:00+00:00,16453.0,16555.25,EOD,1,108.5,0.9424,203.02,False
2021-12-28,SELL,2021-12-28T15:10:00+00:00,16519.75,16485.25,EOD,1,88.75,0.3887,67.52,False
2021-12-29,SELL,2021-12-29T15:12:00+00:00,16461.25,16510.5,EOD,1,88.25,-0.5581,-99.98,False
2021-12-30,BUY,2021-12-30T15:06:00+00:00,16525.25,16449.25,STOP,1,76.0,-1.0,-153.48,False
2021-12-31,SELL,2021-12-31T15:02:00+00:00,16360.25,16320.0,EOD,1,103.75,0.388,79.02,False
2022-01-04,SELL,2022-01-04T15:02:00+00:00,16427.25,16289.0,EOD,1,84.75,1.6313,275.02,False
2022-01-05,BUY,2022-01-05T15:02:00+00:00,16228.5,16103.0,STOP,1,125.5,-1.0,-252.48,False
2022-01-12,BUY,2022-01-12T15:11:00+00:00,16000.75,15884.5,STOP,1,116.25,-1.0,-233.98,False
2022-01-13,SELL,2022-01-13T15:04:00+00:00,15913.0,15468.25,EOD,2,66.75,6.6629,1776.04,False
2022-01-17,SELL,2022-01-17T17:52:00+00:00,15544.5,15559.25,EOD,2,67.25,-0.2193,-61.96,False
2022-01-18,BUY,2022-01-18T15:07:00+00:00,15394.5,15271.75,STOP,1,122.75,-1.0,-246.98,False
2022-01-19,SELL,2022-01-19T15:33:00+00:00,15249.25,15063.5,EOD,1,118.75,1.5642,370.02,False
2022-01-20,BUY,2022-01-20T15:03:00+00:00,15287.5,15160.25,STOP,1,127.25,-1.0,-255.98,False
2022-02-08,SELL,2022-02-08T15:02:00+00:00,14477.25,14588.0,STOP,1,110.75,-1.0,-222.98,False
2022-02-09,SELL,2022-02-09T15:20:00+00:00,14859.0,14951.25,STOP,1,92.25,-1.0,-185.98,False
2022-02-15,BUY,2022-02-15T15:42:00+00:00,14525.75,14445.0,STOP,1,80.75,-1.0,-162.98,False
2022-02-17,SELL,2022-02-17T15:20:00+00:00,14369.5,14161.25,EOD,1,125.5,1.6594,415.02,False
2022-02-21,SELL,2022-02-21T16:11:00+00:00,13801.75,13735.5,EOD,1,82.0,0.8079,131.02,False
2022-02-28,BUY,2022-02-28T15:37:00+00:00,14152.75,14027.25,STOP,1,125.5,-1.0,-252.48,False
2022-03-01,BUY,2022-03-01T15:22:00+00:00,14262.25,14153.75,STOP,1,108.5,-1.0,-218.48,False
2022-03-03,SELL,2022-03-03T15:07:00+00:00,14223.0,14012.5,EOD,1,132.5,1.5887,419.52,False
2022-03-09,BUY,2022-03-09T15:03:00+00:00,13626.0,13728.75,EOD,1,130.0,0.7904,204.02,False
2022-03-10,BUY,2022-03-10T15:20:00+00:00,13605.75,13486.25,STOP,1,119.5,-1.0,-240.48,False
2022-03-15,BUY,2022-03-15T14:05:00+00:00,13219.25,13468.25,EOD,1,128.0,1.9453,496.52,False
2022-03-23,BUY,2022-03-23T14:14:00+00:00,14548.75,14460.75,STOP,1,88.0,-1.0,-177.48,False
2022-03-24,SELL,2022-03-24T14:19:00+00:00,14453.25,14551.0,STOP,1,97.75,-1.0,-196.98,False
2022-03-25,SELL,2022-03-25T14:03:00+00:00,14704.5,14788.5,STOP,1,84.0,-1.0,-169.48,False
2022-03-29,SELL,2022-03-29T14:08:00+00:00,15103.5,15219.5,STOP,1,116.0,-1.0,-233.48,False
2022-03-30,BUY,2022-03-30T14:15:00+00:00,15219.5,15141.25,STOP,1,78.25,-1.0,-157.98,False
2022-03-31,SELL,2022-03-31T14:03:00+00:00,14976.25,15090.0,STOP,1,113.75,-1.0,-228.98,False
2022-04-01,SELL,2022-04-01T14:04:00+00:00,14807.5,14844.5,EOD,1,124.5,-0.2972,-75.48,False
2022-04-05,SELL,2022-04-05T14:06:00+00:00,15022.75,14826.75,EOD,1,113.5,1.7269,390.52,False
2022-04-07,BUY,2022-04-07T14:02:00+00:00,14594.0,14459.25,STOP,1,134.75,-1.0,-270.98,False
2022-04-11,SELL,2022-04-11T14:27:00+00:00,14081.5,13987.75,EOD,1,115.5,0.8117,186.02,False
2022-04-18,BUY,2022-04-18T14:13:00+00:00,13941.25,13827.0,STOP,1,114.25,-1.0,-229.98,False
2022-04-21,SELL,2022-04-21T14:08:00+00:00,14160.75,13744.25,EOD,1,122.25,3.407,831.52,False
2022-05-04,SELL,2022-05-04T14:02:00+00:00,13002.5,13114.25,STOP,1,111.75,-1.0,-224.98,False
2022-05-17,SELL,2022-05-17T14:10:00+00:00,12431.0,12535.75,STOP,1,104.75,-1.0,-210.98,False
2022-05-18,SELL,2022-05-18T14:35:00+00:00,12286.25,11897.5,EOD,1,113.5,3.4251,776.02,False
2022-05-20,SELL,2022-05-20T14:08:00+00:00,11922.25,11817.5,EOD,1,130.75,0.8011,208.02,False
2022-05-27,BUY,2022-05-27T14:03:00+00:00,12534.25,12649.75,EOD,1,132.25,0.8733,229.52,False
2022-05-30,BUY,2022-05-30T14:48:00+00:00,12780.75,12810.0,EOD,3,34.75,0.8417,171.06,False
2022-06-01,SELL,2022-06-01T14:08:00+00:00,12730.25,12576.0,EOD,1,93.25,1.6542,307.02,False
2022-06-02,BUY,2022-06-02T14:03:00+00:00,12575.5,12882.75,EOD,1,133.0,2.3102,613.02,False
2022-06-03,BUY,2022-06-03T14:02:00+00:00,12723.5,12609.25,STOP,1,114.25,-1.0,-229.98,False
2022-06-06,BUY,2022-06-06T14:04:00+00:00,12794.25,12673.5,STOP,1,120.75,-1.0,-242.98,False
2022-06-13,SELL,2022-06-13T14:11:00+00:00,11460.5,11296.5,EOD,1,114.75,1.4292,326.52,False
2022-06-15,BUY,2022-06-15T14:07:00+00:00,11552.25,11459.75,STOP,1,92.5,-1.0,-186.48,False
2022-06-16,SELL,2022-06-16T14:03:00+00:00,11246.0,11126.25,EOD,1,103.75,1.1542,238.02,False
2022-06-20,BUY,2022-06-20T14:12:00+00:00,11376.75,11420.75,EOD,3,43.75,1.0057,259.56,False
2022-06-28,SELL,2022-06-28T14:07:00+00:00,12032.75,11700.5,EOD,1,141.5,2.3481,663.02,False
2022-07-04,SELL,2022-07-04T14:07:00+00:00,11542.25,11570.75,STOP,5,28.5,-1.0,-292.4,False
2022-07-05,BUY,2022-07-05T14:14:00+00:00,11503.0,11797.75,EOD,1,113.75,2.5912,588.02,False
2022-07-06,BUY,2022-07-06T18:07:00+00:00,11887.0,11855.5,EOD,1,133.0,-0.2368,-64.48,False
2022-07-07,BUY,2022-07-07T14:48:00+00:00,12057.75,12138.5,EOD,1,139.5,0.5789,160.02,False
2022-07-08,BUY,2022-07-08T14:26:00+00:00,12092.25,12163.75,EOD,1,114.0,0.6272,141.52,False
2022-07-15,BUY,2022-07-15T15:15:00+00:00,11986.75,11984.0,EOD,1,133.25,-0.0206,-6.98,False
2022-07-18,SELL,2022-07-18T17:34:00+00:00,12084.5,11906.25,EOD,1,102.0,1.7475,355.02,False
2022-07-19,BUY,2022-07-19T14:28:00+00:00,12083.0,12268.0,EOD,1,90.0,2.0556,368.52,False
2022-07-20,BUY,2022-07-20T14:24:00+00:00,12355.25,12464.25,EOD,1,97.75,1.1151,216.52,False
2022-07-21,SELL,2022-07-21T14:26:00+00:00,12394.75,12517.5,STOP,1,122.75,-1.0,-246.98,False
2022-07-22,SELL,2022-07-22T14:02:00+00:00,12556.25,12401.5,EOD,1,142.25,1.0879,308.02,False
2022-07-25,SELL,2022-07-25T14:07:00+00:00,12350.5,12335.0,EOD,1,93.5,0.1658,29.52,False
2022-07-26,SELL,2022-07-26T14:21:00+00:00,12192.0,12123.25,EOD,1,99.25,0.6927,136.02,False
2022-07-27,BUY,2022-07-27T14:06:00+00:00,12414.25,12641.0,EOD,1,137.75,1.6461,452.02,False
2022-08-02,SELL,2022-08-02T14:10:00+00:00,12850.75,12956.75,STOP,1,106.0,-1.0,-213.48,False
2022-08-04,SELL,2022-08-04T14:18:00+00:00,13243.75,13339.0,STOP,1,95.25,-1.0,-191.98,False
2022-08-05,BUY,2022-08-05T14:03:00+00:00,13224.5,13114.5,STOP,1,110.0,-1.0,-221.48,False
2022-08-09,SELL,2022-08-09T14:02:00+00:00,12992.25,13033.75,EOD,1,120.0,-0.3458,-84.48,False
2022-08-10,SELL,2022-08-10T14:20:00+00:00,13257.75,13355.0,STOP,1,97.25,-1.0,-195.98,False
2022-08-11,BUY,2022-08-11T14:03:00+00:00,13516.75,13455.5,STOP,2,61.25,-1.0,-247.96,False
2022-08-12,BUY,2022-08-12T14:11:00+00:00,13443.25,13564.75,EOD,1,84.0,1.4464,241.52,False
2022-08-15,BUY,2022-08-15T15:45:00+00:00,13636.75,13679.25,EOD,1,102.5,0.4146,83.52,False
2022-08-16,SELL,2022-08-16T14:02:00+00:00,13573.25,13659.25,STOP,1,86.0,-1.0,-173.48,False
2022-08-17,SELL,2022-08-17T14:15:00+00:00,13482.75,13565.75,STOP,1,83.0,-1.0,-167.48,False
2022-08-18,SELL,2022-08-18T14:02:00+00:00,13431.5,13502.25,STOP,2,70.75,-1.0,-285.96,False
2022-08-19,SELL,2022-08-19T14:10:00+00:00,13292.25,13266.5,EOD,1,133.0,0.1936,50.02,False
2022-08-22,SELL,2022-08-22T14:11:00+00:00,13001.0,12901.25,EOD,1,91.25,1.0932,198.02,False
2022-08-23,BUY,2022-08-23T14:10:00+00:00,12994.5,12899.5,EOD,1,128.5,-0.7393,-191.48,False
2022-08-24,BUY,2022-08-24T14:02:00+00:00,12918.75,12947.75,EOD,2,67.25,0.4312,113.04,False
2022-08-25,BUY,2022-08-25T14:02:00+00:00,13054.75,13141.75,EOD,1,92.75,0.938,172.52,False
2022-08-26,SELL,2022-08-26T14:02:00+00:00,13072.75,13161.0,STOP,1,88.25,-1.0,-177.98,False
2022-08-29,SELL,2022-08-29T14:54:00+00:00,12467.5,12605.5,STOP,1,138.0,-1.0,-277.48,False
2022-08-31,SELL,2022-08-31T14:30:00+00:00,12384.5,12323.75,EOD,1,128.5,0.4728,120.02,False
2022-09-01,SELL,2022-09-01T14:03:00+00:00,12121.75,12224.0,STOP,1,102.25,-1.0,-205.98,False
2022-09-02,SELL,2022-09-02T14:02:00+00:00,12274.75,12415.0,STOP,1,140.25,-1.0,-281.98,False
2022-09-05,BUY,2022-09-05T14:11:00+00:00,12147.5,12136.0,EOD,3,43.25,-0.2659,-73.44,False
2022-09-07,BUY,2022-09-07T15:13:00+00:00,12140.5,12283.25,EOD,1,104.5,1.366,284.02,False
2022-09-09,BUY,2022-09-09T14:02:00+00:00,12518.75,12603.5,EOD,1,103.25,0.8208,168.02,False
2022-09-12,BUY,2022-09-12T14:07:00+00:00,12742.25,12641.5,STOP,1,100.75,-1.0,-202.98,False
2022-09-13,SELL,2022-09-13T14:02:00+00:00,12285.75,12042.75,EOD,1,141.25,1.7204,484.52,False
2022-09-14,BUY,2022-09-14T14:55:00+00:00,12224.25,12098.75,STOP,1,125.5,-1.0,-252.48,False
2022-09-15,SELL,2022-09-15T14:33:00+00:00,12098.25,11999.25,EOD,1,121.75,0.8131,196.52,False
2022-09-16,BUY,2022-09-16T14:14:00+00:00,11881.5,11782.0,STOP,1,99.5,-1.0,-200.48,False
2022-09-19,BUY,2022-09-19T14:36:00+00:00,11940.5,12020.0,EOD,1,124.75,0.6373,157.52,False
2022-09-20,BUY,2022-09-20T14:51:00+00:00,11947.75,11887.0,STOP,2,60.75,-1.0,-245.96,False
2022-09-21,BUY,2022-09-21T16:34:00+00:00,11998.5,11938.0,STOP,2,60.5,-1.0,-244.96,False
2022-09-22,SELL,2022-09-22T14:04:00+00:00,11570.25,11682.25,STOP,1,112.0,-1.0,-225.48,False
2022-09-23,SELL,2022-09-23T14:02:00+00:00,11347.75,11363.25,EOD,1,123.25,-0.1258,-32.48,False
2022-09-27,SELL,2022-09-27T14:02:00+00:00,11443.75,11345.0,EOD,1,124.5,0.7932,196.02,False
2022-09-28,BUY,2022-09-28T14:24:00+00:00,11357.75,11592.75,EOD,1,91.75,2.5613,468.52,False
2022-09-30,BUY,2022-09-30T14:32:00+00:00,11270.75,11143.0,STOP,1,127.75,-1.0,-256.98,False
2022-10-03,BUY,2022-10-03T14:02:00+00:00,11137.5,11303.25,EOD,1,97.75,1.6957,330.02,False
2022-10-05,SELL,2022-10-05T14:02:00+00:00,11452.75,11539.0,STOP,1,86.25,-1.0,-173.98,False
2022-10-07,SELL,2022-10-07T14:02:00+00:00,11212.25,11087.0,EOD,1,137.75,0.9093,249.02,False
2022-10-10,SELL,2022-10-10T14:04:00+00:00,11002.0,11020.0,EOD,1,124.0,-0.1452,-37.48,False
2022-10-11,SELL,2022-10-11T14:02:00+00:00,10811.0,10944.75,STOP,1,133.75,-1.0,-268.98,False
2022-10-17,BUY,2022-10-17T14:15:00+00:00,11127.5,11124.25,EOD,1,128.5,-0.0253,-7.98,False
2022-10-18,SELL,2022-10-18T14:25:00+00:00,11289.25,11181.25,EOD,1,142.5,0.7579,214.52,False
2022-10-19,BUY,2022-10-19T14:16:00+00:00,11226.25,11110.0,STOP,1,116.25,-1.0,-233.98,False
2022-10-24,SELL,2022-10-24T14:03:00+00:00,11292.75,11426.0,STOP,1,133.25,-1.0,-267.98,False
2022-10-26,BUY,2022-10-26T14:08:00+00:00,11538.0,11470.0,EOD,1,105.0,-0.6476,-137.48,False
2022-10-31,SELL,2022-10-31T14:09:00+00:00,11410.75,11438.75,EOD,1,111.75,-0.2506,-57.48,False
2022-11-01,SELL,2022-11-01T14:02:00+00:00,11476.25,11342.75,EOD,1,142.75,0.9352,265.52,False
2022-11-02,SELL,2022-11-02T14:15:00+00:00,11266.25,11341.0,STOP,1,74.75,-1.0,-150.98,False
2022-11-03,BUY,2022-11-03T14:48:00+00:00,10863.75,10742.0,EOD,1,140.75,-0.865,-244.98,False
2022-11-07,BUY,2022-11-07T19:16:00+00:00,10980.5,11013.25,EOD,1,133.25,0.2458,64.02,False
2022-11-08,BUY,2022-11-08T15:17:00+00:00,11086.5,11006.75,STOP,1,79.75,-1.0,-160.98,False
2022-11-09,SELL,2022-11-09T15:42:00+00:00,10955.75,10836.75,EOD,1,84.25,1.4125,236.52,False
2022-11-11,BUY,2022-11-11T15:12:00+00:00,11692.75,11862.0,EOD,1,123.5,1.3704,337.02,False
2022-11-14,BUY,2022-11-14T15:08:00+00:00,11788.5,11756.5,EOD,1,86.5,-0.3699,-65.48,False
2022-11-15,SELL,2022-11-15T16:02:00+00:00,11958.75,11885.0,EOD,1,104.75,0.7041,146.02,False
2022-11-16,SELL,2022-11-16T15:16:00+00:00,11744.5,11767.25,EOD,1,91.75,-0.248,-46.98,False
2022-11-17,BUY,2022-11-17T15:17:00+00:00,11636.5,11682.25,EOD,1,92.75,0.4933,90.02,False
2022-11-18,SELL,2022-11-18T15:02:00+00:00,11726.0,11686.0,EOD,1,116.5,0.3433,78.52,False
2022-11-21,SELL,2022-11-21T15:07:00+00:00,11622.0,11599.5,EOD,1,77.75,0.2894,43.52,False
2022-11-22,BUY,2022-11-22T15:49:00+00:00,11635.5,11744.25,EOD,1,108.25,1.0046,216.02,False
2022-11-23,BUY,2022-11-23T15:07:00+00:00,11857.25,11745.25,STOP,1,112.0,-1.0,-225.48,False
2022-11-24,BUY,2022-11-24T16:00:00+00:00,11920.0,11910.75,EOD,6,21.25,-0.4353,-119.88,False
2022-11-25,BUY,2022-11-25T15:12:00+00:00,11814.25,11786.75,EOD,3,48.0,-0.5729,-169.44,False
2022-11-28,SELL,2022-11-28T15:26:00+00:00,11685.5,11610.5,EOD,1,103.0,0.7282,148.52,False
2022-11-29,BUY,2022-11-29T15:51:00+00:00,11629.0,11565.25,STOP,2,63.75,-1.0,-257.96,False
2022-11-30,SELL,2022-11-30T16:05:00+00:00,11514.5,11581.5,STOP,2,67.0,-1.0,-270.96,False
2022-12-01,SELL,2022-12-01T15:13:00+00:00,12014.0,12074.0,EOD,1,122.0,-0.4918,-121.48,False
2022-12-02,BUY,2022-12-02T15:13:00+00:00,11922.75,11991.75,EOD,1,85.5,0.807,136.52,False
2022-12-05,SELL,2022-12-05T15:02:00+00:00,11891.75,11793.0,EOD,1,80.5,1.2267,196.02,False
2022-12-08,BUY,2022-12-08T15:04:00+00:00,11605.75,11638.0,EOD,1,128.5,0.251,63.02,False
2022-12-09,BUY,2022-12-09T15:32:00+00:00,11664.0,11584.75,EOD,1,114.0,-0.6952,-159.98,False
2022-12-12,SELL,2022-12-12T15:50:00+00:00,11540.0,11608.75,STOP,2,68.75,-1.0,-277.96,False
2022-12-13,SELL,2022-12-13T15:08:00+00:00,12039.75,11867.25,EOD,1,139.25,1.2388,343.52,False
2022-12-14,BUY,2022-12-14T15:05:00+00:00,12016.75,11930.0,STOP,1,86.75,-1.0,-174.98,False
2022-12-16,SELL,2022-12-16T15:07:00+00:00,11400.25,11354.25,EOD,1,91.25,0.5041,90.52,False
2022-12-19,SELL,2022-12-19T15:04:00+00:00,11242.5,11181.0,EOD,1,116.5,0.5279,121.52,False
2022-12-20,BUY,2022-12-20T15:03:00+00:00,11188.5,11189.5,EOD,1,121.75,0.0082,0.52,False
2022-12-21,BUY,2022-12-21T15:09:00+00:00,11284.5,11330.5,EOD,1,103.5,0.4444,90.52,False
2022-12-22,SELL,2022-12-22T15:02:00+00:00,11079.5,11054.25,EOD,1,128.75,0.1961,49.02,False
2022-12-23,BUY,2022-12-23T15:31:00+00:00,11059.25,11074.25,EOD,1,137.0,0.1095,28.52,False
2022-12-28,SELL,2022-12-28T15:56:00+00:00,10859.0,10767.5,EOD,1,137.5,0.6655,181.52,False
2022-12-29,BUY,2022-12-29T15:09:00+00:00,10979.0,11054.25,EOD,1,122.5,0.6143,149.02,False
2022-12-30,BUY,2022-12-30T15:48:00+00:00,10953.25,11004.5,EOD,1,97.75,0.5243,101.02,False
2023-01-04,SELL,2023-01-04T15:05:00+00:00,10915.25,11046.5,STOP,1,131.25,-1.0,-263.98,False
2023-01-09,BUY,2023-01-09T15:03:00+00:00,11317.0,11194.75,STOP,1,122.25,-1.0,-245.98,False
2023-01-10,BUY,2023-01-10T15:13:00+00:00,11261.5,11138.0,STOP,1,123.5,-1.0,-248.48,False
2023-01-11,BUY,2023-01-11T15:23:00+00:00,11374.0,11459.75,EOD,1,83.0,1.0331,170.02,False
2023-01-13,BUY,2023-01-13T15:06:00+00:00,11497.0,11602.75,EOD,1,88.25,1.1983,210.02,False
2023-01-16,SELL,2023-01-16T15:11:00+00:00,11587.75,11564.0,EOD,6,23.5,1.0106,276.12,False
2023-01-17,BUY,2023-01-17T15:02:00+00:00,11645.75,11613.25,EOD,1,96.25,-0.3377,-66.48,False
2023-01-18,BUY,2023-01-18T15:02:00+00:00,11747.25,11672.25,STOP,1,75.0,-1.0,-151.48,False
2023-01-19,SELL,2023-01-19T15:47:00+00:00,11348.0,11446.5,STOP,1,98.5,-1.0,-198.48,False
2023-01-20,BUY,2023-01-20T15:07:00+00:00,11479.75,11672.25,EOD,1,96.25,2.0,383.52,False
2023-01-25,SELL,2023-01-25T15:15:00+00:00,11621.5,11724.0,STOP,1,102.5,-1.0,-206.48,False
2023-01-26,SELL,2023-01-26T15:55:00+00:00,11935.75,12075.0,STOP,1,139.25,-1.0,-279.98,False
2023-01-27,BUY,2023-01-27T15:03:00+00:00,12157.0,12238.75,EOD,1,115.25,0.7093,162.02,False
2023-01-30,BUY,2023-01-30T15:05:00+00:00,12135.75,12059.5,STOP,1,76.25,-1.0,-153.98,False
2023-01-31,BUY,2023-01-31T15:30:00+00:00,12059.25,12135.0,EOD,1,90.25,0.8393,150.02,False
2023-02-01,SELL,2023-02-01T15:52:00+00:00,12098.0,12158.0,STOP,2,60.0,-1.0,-242.96,False
2023-02-02,SELL,2023-02-02T15:06:00+00:00,12669.25,12748.25,STOP,1,79.0,-1.0,-159.48,False
2023-02-06,BUY,2023-02-06T15:03:00+00:00,12570.25,12502.5,STOP,2,67.75,-1.0,-273.96,False
2023-02-07,SELL,2023-02-07T15:10:00+00:00,12484.5,12554.25,STOP,2,69.75,-1.0,-281.96,False
2023-02-08,SELL,2023-02-08T15:31:00+00:00,12634.25,12545.0,EOD,1,117.75,0.758,177.02,False
2023-02-09,SELL,2023-02-09T15:28:00+00:00,12627.75,12451.75,EOD,1,100.75,1.7469,350.52,False
2023-02-10,SELL,2023-02-10T15:03:00+00:00,12308.5,12394.0,STOP,1,85.5,-1.0,-172.48,False
2023-02-13,BUY,2023-02-13T15:02:00+00:00,12466.75,12522.0,EOD,1,114.75,0.4815,109.02,False
2023-02-15,SELL,2023-02-15T15:09:00+00:00,12539.75,12631.5,STOP,1,91.75,-1.0,-184.98,False
2023-02-16,BUY,2023-02-16T15:13:00+00:00,12598.5,12496.5,STOP,1,102.0,-1.0,-205.48,False
2023-02-17,SELL,2023-02-17T16:25:00+00:00,12294.5,12381.5,EOD,1,129.25,-0.6731,-175.48,False
2023-02-20,SELL,2023-02-20T15:09:00+00:00,12380.25,12366.75,EOD,9,15.5,0.871,229.68,False
2023-02-21,SELL,2023-02-21T15:11:00+00:00,12214.25,12102.75,EOD,1,75.75,1.4719,221.52,False
2023-02-22,SELL,2023-02-22T15:02:00+00:00,12110.5,12174.5,STOP,2,64.0,-1.0,-258.96,False
2023-02-23,SELL,2023-02-23T15:07:00+00:00,12185.0,12209.0,EOD,1,74.75,-0.3211,-49.48,False
2023-02-24,SELL,2023-02-24T15:08:00+00:00,11950.0,11976.0,EOD,1,93.0,-0.2796,-53.48,False
2023-02-27,BUY,2023-02-27T15:04:00+00:00,12157.0,12106.25,STOP,2,50.75,-1.0,-205.96,False
2023-02-28,BUY,2023-02-28T15:05:00+00:00,12113.75,12089.75,EOD,1,72.25,-0.3322,-49.48,False
2023-03-01,SELL,2023-03-01T15:06:00+00:00,11996.25,11960.0,EOD,1,83.25,0.4354,71.02,False
2023-03-02,BUY,2023-03-02T15:02:00+00:00,11916.0,12054.25,EOD,2,69.75,1.9821,550.04,False
2023-03-03,BUY,2023-03-03T15:16:00+00:00,12207.5,12303.25,EOD,1,96.0,0.9974,190.02,False
2023-03-06,BUY,2023-03-06T15:09:00+00:00,12400.0,12347.25,STOP,2,52.75,-1.0,-213.96,False
2023-03-07,SELL,2023-03-07T15:02:00+00:00,12259.75,12164.75,EOD,1,103.0,0.9223,188.52,False
2023-03-08,SELL,2023-03-08T15:02:00+00:00,12117.75,12216.0,STOP,1,98.25,-1.0,-197.98,False
2023-03-09,BUY,2023-03-09T15:04:00+00:00,12346.25,12230.0,STOP,1,116.25,-1.0,-233.98,False
2023-03-14,BUY,2023-03-14T14:23:00+00:00,12162.25,12070.5,STOP,1,91.75,-1.0,-184.98,False
2023-03-15,SELL,2023-03-15T14:35:00+00:00,12172.0,12276.25,STOP,1,104.25,-1.0,-209.98,False
2023-03-16,BUY,2023-03-16T14:02:00+00:00,12422.5,12704.5,EOD,1,108.5,2.5991,562.52,False
2023-03-17,BUY,2023-03-17T14:02:00+00:00,12786.75,12691.75,STOP,1,95.0,-1.0,-191.48,False
2023-03-20,BUY,2023-03-20T14:50:00+00:00,12635.0,12690.75,EOD,1,105.5,0.5284,110.02,False
2023-03-21,BUY,2023-03-21T14:02:00+00:00,12830.75,12763.5,STOP,2,67.25,-1.0,-271.96,False
2023-03-22,BUY,2023-03-22T14:23:00+00:00,12899.75,12851.25,STOP,2,48.5,-1.0,-196.96,False
2023-03-23,BUY,2023-03-23T14:02:00+00:00,12917.75,12847.25,STOP,2,70.5,-1.0,-284.96,False
2023-03-24,SELL,2023-03-24T15:23:00+00:00,12732.25,12844.75,STOP,1,112.5,-1.0,-226.48,False
2023-03-27,SELL,2023-03-27T14:31:00+00:00,12879.5,12812.25,EOD,1,85.75,0.7843,133.02,False
2023-03-28,SELL,2023-03-28T14:33:00+00:00,12675.75,12721.25,EOD,1,101.5,-0.4483,-92.48,False
2023-03-29,BUY,2023-03-29T14:05:00+00:00,12928.5,12881.0,STOP,2,47.5,-1.0,-192.96,False
2023-03-30,SELL,2023-03-30T14:13:00+00:00,13035.5,13081.25,STOP,3,45.75,-1.0,-278.94,False
2023-03-31,BUY,2023-03-31T14:23:00+00:00,13154.25,13283.5,EOD,1,74.0,1.7466,257.02,False
2023-04-03,BUY,2023-04-03T14:23:00+00:00,13265.5,13198.25,STOP,2,67.25,-1.0,-271.96,False
2023-04-04,BUY,2023-04-04T14:02:00+00:00,13316.75,13230.0,STOP,1,86.75,-1.0,-174.98,False
2023-04-05,SELL,2023-04-05T14:05:00+00:00,13114.5,13088.5,EOD,2,67.5,0.3852,101.04,False
2023-04-06,BUY,2023-04-06T14:03:00+00:00,13016.0,13163.25,EOD,2,62.75,2.3466,586.04,False
2023-04-10,BUY,2023-04-10T15:07:00+00:00,13051.5,13140.75,EOD,1,84.0,1.0625,177.02,False
2023-04-11,SELL,2023-04-11T14:13:00+00:00,13085.0,13074.25,EOD,1,75.5,0.1424,20.02,False
2023-04-13,BUY,2023-04-13T14:06:00+00:00,13081.5,13203.0,EOD,2,61.75,1.9676,483.04,False
2023-04-14,SELL,2023-04-14T14:33:00+00:00,13132.25,13170.0,EOD,1,119.5,-0.3159,-76.98,False
2023-04-17,SELL,2023-04-17T14:39:00+00:00,13124.25,13187.0,EOD,1,81.75,-0.7676,-126.98,False
2023-04-18,SELL,2023-04-18T14:02:00+00:00,13238.0,13191.25,EOD,2,59.75,0.7824,184.04,False
2023-04-19,BUY,2023-04-19T14:40:00+00:00,13136.0,13181.0,EOD,2,55.5,0.8108,177.04,False
2023-04-20,BUY,2023-04-20T14:08:00+00:00,13127.0,13046.25,STOP,1,80.75,-1.0,-162.98,False
2023-04-21,SELL,2023-04-21T14:02:00+00:00,12991.5,13074.0,STOP,1,82.5,-1.0,-166.48,False
2023-04-24,SELL,2023-04-24T14:37:00+00:00,13050.5,13046.0,EOD,1,83.5,0.0539,7.52,False
2023-04-25,SELL,2023-04-25T14:11:00+00:00,12960.75,12829.25,EOD,2,54.75,2.4018,523.04,False
2023-04-26,BUY,2023-04-26T14:07:00+00:00,12966.0,12899.25,STOP,2,66.75,-1.0,-269.96,False
2023-04-27,BUY,2023-04-27T14:14:00+00:00,13064.75,13238.75,EOD,2,51.25,3.3951,693.04,False
2023-04-28,BUY,2023-04-28T14:11:00+00:00,13251.75,13302.5,EOD,1,79.5,0.6384,100.02,False
2023-05-01,SELL,2023-05-01T14:26:00+00:00,13283.5,13328.25,STOP,3,44.75,-1.0,-272.94,False
2023-05-02,SELL,2023-05-02T14:10:00+00:00,13264.75,13198.0,EOD,2,48.5,1.3763,264.04,False
2023-05-03,SELL,2023-05-03T15:07:00+00:00,13185.75,13241.75,STOP,2,56.0,-1.0,-226.96,False
2023-05-04,SELL,2023-05-04T14:18:00+00:00,13020.75,13086.0,STOP,2,65.25,-1.0,-263.96,False
2023-05-05,BUY,2023-05-05T14:02:00+00:00,13201.0,13329.75,EOD,1,76.75,1.6775,256.02,False
2023-05-08,SELL,2023-05-08T14:35:00+00:00,13259.75,13310.25,STOP,2,50.5,-1.0,-204.96,False
2023-05-09,SELL,2023-05-09T15:13:00+00:00,13265.75,13266.75,EOD,3,45.75,-0.0219,-10.44,False
2023-05-10,BUY,2023-05-10T14:07:00+00:00,13421.5,13321.25,STOP,1,100.25,-1.0,-201.98,False
2023-05-11,SELL,2023-05-11T14:40:00+00:00,13370.75,13433.25,STOP,2,62.5,-1.0,-252.96,False
2023-05-12,SELL,2023-05-12T14:02:00+00:00,13424.75,13396.0,EOD,2,62.5,0.46,112.04,False
2023-05-15,SELL,2023-05-15T14:07:00+00:00,13368.5,13428.25,STOP,2,59.75,-1.0,-241.96,False
2023-05-16,BUY,2023-05-16T14:57:00+00:00,13528.75,13489.25,EOD,1,94.25,-0.4191,-80.48,False
2023-05-17,BUY,2023-05-17T15:01:00+00:00,13540.75,13653.5,EOD,2,65.25,1.728,448.04,False
2023-05-18,BUY,2023-05-18T14:07:00+00:00,13729.0,13884.5,EOD,1,76.25,2.0393,309.52,False
2023-05-19,SELL,2023-05-19T14:03:00+00:00,13871.0,13863.75,EOD,2,58.0,0.125,26.04,False
2023-05-23,SELL,2023-05-23T16:36:00+00:00,13814.0,13736.5,EOD,2,63.0,1.2302,307.04,False
2023-05-24,SELL,2023-05-24T14:05:00+00:00,13617.0,13675.0,STOP,2,58.0,-1.0,-234.96,False
2023-05-25,BUY,2023-05-25T15:13:00+00:00,13968.0,13987.0,EOD,1,116.75,0.1627,36.52,False
2023-05-26,BUY,2023-05-26T14:02:00+00:00,14136.0,14340.5,EOD,1,121.25,1.6866,407.52,False
2023-05-29,BUY,2023-05-29T14:11:00+00:00,14380.25,14404.75,EOD,12,12.25,2.0,570.24,False
2023-05-31,SELL,2023-05-31T14:15:00+00:00,14323.5,14315.75,EOD,1,88.75,0.0873,14.02,False
2023-06-01,BUY,2023-06-01T14:06:00+00:00,14327.75,14463.25,EOD,1,75.75,1.7888,269.52,False
2023-06-05,BUY,2023-06-05T14:53:00+00:00,14653.5,14567.75,STOP,1,85.75,-1.0,-172.98,False
2023-06-06,BUY,2023-06-06T14:11:00+00:00,14568.25,14586.25,EOD,2,63.75,0.2824,69.04,False
2023-06-07,SELL,2023-06-07T14:16:00+00:00,14572.75,14325.75,EOD,1,102.25,2.4156,492.52,False
2023-06-08,BUY,2023-06-08T14:06:00+00:00,14404.25,14498.5,EOD,1,76.25,1.2361,187.02,False
2023-06-09,BUY,2023-06-09T14:06:00+00:00,14671.5,14557.0,STOP,1,114.5,-1.0,-230.48,False
2023-06-12,SELL,2023-06-12T14:06:00+00:00,14588.0,14637.5,STOP,3,49.5,-1.0,-301.44,False
2023-06-13,SELL,2023-06-13T14:08:00+00:00,14824.5,14905.0,EOD,1,120.5,-0.668,-162.48,False
2023-06-14,BUY,2023-06-14T14:05:00+00:00,15127.5,15052.5,STOP,1,75.0,-1.0,-151.48,False
2023-06-15,BUY,2023-06-15T14:07:00+00:00,15233.75,15392.0,EOD,1,119.25,1.327,315.02,False
2023-06-16,SELL,2023-06-16T15:28:00+00:00,15329.5,15280.75,EOD,1,146.0,0.3339,96.02,False
2023-06-19,SELL,2023-06-19T14:11:00+00:00,15236.0,15239.25,EOD,8,17.0,-0.1912,-63.84,False
2023-06-20,SELL,2023-06-20T14:16:00+00:00,15198.0,15262.25,EOD,1,112.75,-0.5698,-129.98,False
2023-06-21,SELL,2023-06-21T14:02:00+00:00,15096.25,15067.0,EOD,1,123.0,0.2378,57.02,False
2023-06-22,BUY,2023-06-22T14:12:00+00:00,15110.75,15214.0,EOD,1,146.75,0.7036,205.02,False
2023-06-23,BUY,2023-06-23T16:17:00+00:00,15097.5,15067.75,EOD,1,112.25,-0.265,-60.98,False
2023-06-26,BUY,2023-06-26T14:02:00+00:00,15147.75,15024.5,STOP,1,123.25,-1.0,-247.98,False
2023-06-27,SELL,2023-06-27T14:13:00+00:00,14892.75,14970.5,STOP,1,77.75,-1.0,-156.98,False
2023-06-28,BUY,2023-06-28T14:19:00+00:00,15112.75,15110.25,EOD,1,87.25,-0.0287,-6.48,False
2023-06-29,SELL,2023-06-29T14:08:00+00:00,15065.0,15086.0,EOD,1,79.75,-0.2633,-43.48,False
2023-06-30,BUY,2023-06-30T14:06:00+00:00,15335.0,15367.0,EOD,1,96.5,0.3316,62.52,False
2023-07-03,SELL,2023-07-03T14:33:00+00:00,15337.25,15357.0,EOD,2,52.75,-0.3744,-81.96,False
2023-07-04,SELL,2023-07-04T14:12:00+00:00,15360.0,15344.5,EOD,17,8.5,1.8235,501.84,False
2023-07-05,BUY,2023-07-05T14:17:00+00:00,15403.5,15365.25,EOD,1,111.0,-0.3446,-77.98,False
2023-07-06,SELL,2023-07-06T14:05:00+00:00,15128.0,15214.25,STOP,1,86.25,-1.0,-173.98,False
2023-07-07,SELL,2023-07-07T14:35:00+00:00,15184.0,15276.75,STOP,1,92.75,-1.0,-186.98,False
2023-07-10,SELL,2023-07-10T16:03:00+00:00,15076.25,15172.25,EOD,1,138.5,-0.6931,-193.48,False
2023-07-11,SELL,2023-07-11T14:05:00+00:00,15133.0,15233.5,STOP,1,100.5,-1.0,-202.48,False
2023-07-12,BUY,2023-07-12T14:09:00+00:00,15473.0,15408.5,STOP,2,64.5,-1.0,-260.96,False
2023-07-13,BUY,2023-07-13T15:42:00+00:00,15623.75,15723.0,EOD,2,71.5,1.3881,394.04,False
2023-07-14,BUY,2023-07-14T14:04:00+00:00,15812.5,15721.5,STOP,1,91.0,-1.0,-183.48,False
2023-07-17,BUY,2023-07-17T15:29:00+00:00,15783.25,15858.5,EOD,1,74.5,1.0101,149.02,False
2023-07-18,BUY,2023-07-18T15:41:00+00:00,15818.25,15995.25,EOD,1,85.25,2.0762,352.52,False
2023-07-19,SELL,2023-07-19T14:16:00+00:00,15973.0,16037.0,STOP,2,64.0,-1.0,-258.96,False
2023-07-20,SELL,2023-07-20T14:04:00+00:00,15825.25,15593.25,EOD,2,69.75,3.3262,925.04,False
2023-07-21,SELL,2023-07-21T14:02:00+00:00,15607.25,15546.5,EOD,1,112.0,0.5424,120.02,False
2023-07-25,BUY,2023-07-25T15:38:00+00:00,15673.25,15688.5,EOD,1,85.5,0.1784,29.02,False
2023-07-26,SELL,2023-07-26T14:56:00+00:00,15559.0,15639.25,STOP,1,80.25,-1.0,-161.98,False
2023-07-27,SELL,2023-07-27T14:25:00+00:00,15818.75,15556.25,EOD,1,85.25,3.0792,523.52,False
2023-07-28,BUY,2023-07-28T14:03:00+00:00,15821.75,15857.25,EOD,1,106.0,0.3349,69.52,False
2023-08-01,BUY,2023-08-01T14:06:00+00:00,15808.25,15764.25,STOP,3,44.0,-1.0,-268.44,False
2023-08-02,SELL,2023-08-02T14:07:00+00:00,15578.75,15465.5,EOD,1,90.0,1.2583,225.02,False
2023-08-03,BUY,2023-08-03T14:02:00+00:00,15461.5,15451.5,EOD,1,110.25,-0.0907,-21.48,False
2023-08-07,SELL,2023-08-07T14:02:00+00:00,15361.25,15473.25,STOP,1,112.0,-1.0,-225.48,False
2023-08-08,SELL,2023-08-08T14:02:00+00:00,15267.25,15348.75,EOD,1,112.25,-0.7261,-164.48,False
2023-08-09,SELL,2023-08-09T14:22:00+00:00,15259.75,15191.5,EOD,1,108.75,0.6276,135.02,False
2023-08-11,BUY,2023-08-11T14:03:00+00:00,15119.5,15052.0,STOP,2,67.5,-1.0,-272.96,False
2023-08-14,BUY,2023-08-14T14:05:00+00:00,15130.5,15243.25,EOD,1,95.5,1.1806,224.02,False
2023-08-15,SELL,2023-08-15T14:02:00+00:00,15167.75,15097.5,EOD,1,91.5,0.7678,139.02,False
2023-08-16,BUY,2023-08-16T14:19:00+00:00,15134.25,15051.0,STOP,1,83.25,-1.0,-167.98,False
2023-08-17,SELL,2023-08-17T14:13:00+00:00,14901.0,14804.75,EOD,1,106.5,0.9038,191.02,False
2023-08-18,SELL,2023-08-18T14:18:00+00:00,14618.25,14697.0,STOP,1,78.75,-1.0,-158.98,False
2023-08-21,BUY,2023-08-21T14:05:00+00:00,14916.0,14805.5,STOP,1,110.5,-1.0,-222.48,False
2023-08-22,SELL,2023-08-22T14:32:00+00:00,14989.5,14951.0,EOD,1,102.75,0.3747,75.52,False
2023-08-23,BUY,2023-08-23T14:10:00+00:00,15106.0,15192.75,EOD,1,106.5,0.8146,172.02,False
2023-08-25,BUY,2023-08-25T14:03:00+00:00,14957.75,14892.25,STOP,2,65.5,-1.0,-264.96,False
2023-08-28,SELL,2023-08-28T15:43:00+00:00,14997.0,15079.0,EOD,1,129.5,-0.6332,-165.48,False
2023-08-29,BUY,2023-08-29T14:02:00+00:00,15201.75,15405.5,EOD,1,139.0,1.4658,406.02,False
2023-08-30,BUY,2023-08-30T14:02:00+00:00,15484.5,15386.5,STOP,1,98.0,-1.0,-197.48,False
2023-08-31,BUY,2023-08-31T14:02:00+00:00,15572.25,15558.75,EOD,1,83.5,-0.1617,-28.48,False
2023-09-04,SELL,2023-09-04T14:19:00+00:00,15552.5,15523.75,EOD,5,26.0,1.1058,280.1,False
2023-09-05,SELL,2023-09-05T14:05:00+00:00,15445.5,15507.0,STOP,2,61.5,-1.0,-248.96,False
2023-09-06,SELL,2023-09-06T14:02:00+00:00,15439.5,15378.0,EOD,1,74.75,0.8227,121.52,False
2023-09-07,BUY,2023-09-07T14:41:00+00:00,15252.75,15285.75,EOD,1,95.25,0.3465,64.52,False
2023-09-08,BUY,2023-09-08T14:07:00+00:00,15382.25,15270.0,STOP,1,112.25,-1.0,-225.98,False
2023-09-11,SELL,2023-09-11T14:13:00+00:00,15343.0,15448.25,STOP,1,105.25,-1.0,-211.98,False
2023-09-12,SELL,2023-09-12T14:28:00+00:00,15388.0,15316.0,EOD,2,73.25,0.9829,285.04,False
2023-09-13,SELL,2023-09-13T14:06:00+00:00,15491.5,15561.5,STOP,2,70.0,-1.0,-282.96,False
2023-09-14,BUY,2023-09-14T14:45:00+00:00,15645.75,15668.75,EOD,1,109.5,0.21,44.52,False
2023-09-15,SELL,2023-09-15T14:13:00+00:00,15487.5,15385.5,EOD,1,140.0,0.7286,202.52,False
2023-09-18,BUY,2023-09-18T14:18:00+00:00,15435.5,15399.25,EOD,1,92.5,-0.3919,-73.98,False
2023-09-19,SELL,2023-09-19T14:02:00+00:00,15284.5,15373.25,STOP,1,88.75,-1.0,-178.98,False
2023-09-20,SELL,2023-09-20T14:15:00+00:00,15372.75,15179.75,EOD,2,62.5,3.088,769.04,False
2023-09-21,SELL,2023-09-21T14:02:00+00:00,14922.75,14885.25,EOD,1,97.5,0.3846,73.52,False
2023-09-22,BUY,2023-09-22T14:06:00+00:00,14951.0,14888.0,STOP,2,63.0,-1.0,-254.96,False
2023-09-25,BUY,2023-09-25T15:17:00+00:00,14901.75,14894.5,EOD,1,119.25,-0.0608,-15.98,False
2023-09-26,SELL,2023-09-26T14:05:00+00:00,14760.5,14695.5,EOD,1,85.75,0.758,128.52,False
2023-09-27,SELL,2023-09-27T14:02:00+00:00,14748.0,14806.0,STOP,2,58.0,-1.0,-234.96,False
2023-09-28,BUY,2023-09-28T14:02:00+00:00,14763.5,14853.75,EOD,1,105.5,0.8555,179.02,False
2023-09-29,BUY,2023-09-29T14:02:00+00:00,15050.25,14976.75,STOP,2,73.5,-1.0,-296.96,False
2023-10-02,BUY,2023-10-02T14:03:00+00:00,14976.75,14969.75,EOD,1,129.0,-0.0543,-15.48,False
2023-10-03,SELL,2023-10-03T14:03:00+00:00,14870.5,14696.0,EOD,1,104.25,1.6739,347.52,False
2023-10-04,SELL,2023-10-04T14:09:00+00:00,14742.5,14834.5,STOP,1,92.0,-1.0,-185.48,False
2023-10-05,SELL,2023-10-05T14:02:00+00:00,14796.75,14867.25,EOD,1,129.75,-0.5434,-142.48,False
2023-10-06,BUY,2023-10-06T14:24:00+00:00,14806.5,15113.5,EOD,1,104.25,2.9448,612.52,False
2023-10-09,BUY,2023-10-09T16:08:00+00:00,15062.0,15184.75,EOD,1,112.5,1.0911,244.02,False
2023-10-10,BUY,2023-10-10T14:02:00+00:00,15253.25,15267.0,EOD,2,73.25,0.1877,52.04,False
2023-10-11,SELL,2023-10-11T14:03:00+00:00,15313.5,15370.75,EOD,2,73.75,-0.7763,-231.96,False
2023-10-12,BUY,2023-10-12T14:07:00+00:00,15423.25,15366.0,STOP,2,57.25,-1.0,-231.96,False
2023-10-13,SELL,2023-10-13T14:08:00+00:00,15291.75,15128.75,EOD,2,75.0,2.1733,649.04,False
2023-10-16,BUY,2023-10-16T14:13:00+00:00,15263.75,15315.0,EOD,1,95.0,0.5395,101.02,False
2023-10-17,BUY,2023-10-17T14:12:00+00:00,15156.5,15237.0,EOD,1,106.25,0.7576,159.52,False
2023-10-18,BUY,2023-10-18T14:20:00+00:00,15200.5,15122.5,STOP,1,78.0,-1.0,-157.48,False
2023-10-19,SELL,2023-10-19T14:30:00+00:00,15003.5,15109.0,STOP,1,105.5,-1.0,-212.48,False
2023-10-20,SELL,2023-10-20T14:12:00+00:00,14790.25,14655.5,EOD,1,95.75,1.4073,268.02,False
2023-10-23,BUY,2023-10-23T14:08:00+00:00,14642.75,14705.75,EOD,1,128.5,0.4903,124.52,False
2023-10-24,BUY,2023-10-24T14:30:00+00:00,14848.0,14758.5,STOP,1,89.5,-1.0,-180.48,False
2023-10-25,SELL,2023-10-25T14:27:00+00:00,14601.75,14472.25,EOD,1,147.5,0.878,257.52,False
2023-10-26,SELL,2023-10-26T14:02:00+00:00,14312.75,14197.0,EOD,1,146.25,0.7915,230.02,False
2023-10-27,BUY,2023-10-27T14:14:00+00:00,14357.25,14291.0,STOP,2,66.25,-1.0,-267.96,False
2023-10-30,SELL,2023-10-30T14:31:00+00:00,14333.25,14430.5,EOD,1,143.25,-0.6789,-195.98,False
2023-10-31,BUY,2023-10-31T15:01:00+00:00,14433.25,14485.75,EOD,1,122.0,0.4303,103.52,False
2023-11-01,BUY,2023-11-01T14:21:00+00:00,14591.25,14747.5,EOD,1,76.0,2.0559,311.02,False
2023-11-02,SELL,2023-11-02T14:08:00+00:00,14888.25,14952.5,STOP,2,64.25,-1.0,-259.96,False
2023-11-03,BUY,2023-11-03T14:02:00+00:00,15140.25,15180.25,EOD,1,99.75,0.401,78.52,False
2023-11-06,SELL,2023-11-06T15:04:00+00:00,15195.5,15210.75,EOD,2,62.0,-0.246,-63.96,False
2023-11-07,BUY,2023-11-07T15:02:00+00:00,15308.5,15365.75,EOD,1,84.5,0.6775,113.02,False
2023-11-08,SELL,2023-11-08T15:03:00+00:00,15362.75,15385.0,EOD,2,54.75,-0.4064,-91.96,False
2023-11-09,SELL,2023-11-09T15:08:00+00:00,15355.5,15423.0,STOP,2,67.5,-1.0,-272.96,False
2023-11-10,BUY,2023-11-10T16:04:00+00:00,15395.25,15591.75,EOD,1,89.75,2.1894,391.52,False
2023-11-13,BUY,2023-11-13T15:47:00+00:00,15542.0,15550.5,EOD,1,76.75,0.1107,15.52,False
2023-11-14,BUY,2023-11-14T15:02:00+00:00,15877.0,15870.0,EOD,1,86.75,-0.0807,-15.48,False
2023-11-15,SELL,2023-11-15T16:53:00+00:00,15904.75,15876.25,EOD,2,68.75,0.4145,111.04,False
2023-11-16,BUY,2023-11-16T15:07:00+00:00,15901.25,15825.25,STOP,2,76.0,-1.0,-306.96,False
2023-11-17,SELL,2023-11-17T16:06:00+00:00,15826.5,15880.75,STOP,2,54.25,-1.0,-219.96,False
2023-11-20,BUY,2023-11-20T15:06:00+00:00,15997.75,16080.5,EOD,1,103.0,0.8034,164.02,False
2023-11-21,SELL,2023-11-21T15:18:00+00:00,15977.25,15985.75,EOD,3,43.5,-0.1954,-55.44,False
2023-11-22,SELL,2023-11-22T15:03:00+00:00,16032.25,16047.0,EOD,1,141.25,-0.1044,-30.98,False
2023-11-23,SELL,2023-11-23T15:05:00+00:00,16053.75,16069.25,STOP,9,15.5,-1.0,-292.32,False
2023-11-24,SELL,2023-11-24T15:17:00+00:00,15997.5,16011.0,EOD,2,56.0,-0.2411,-56.96,False
2023-11-27,BUY,2023-11-27T15:10:00+00:00,16044.25,16014.0,EOD,2,74.0,-0.4088,-123.96,False
2023-11-28,BUY,2023-11-28T15:40:00+00:00,16010.5,16038.25,EOD,2,52.0,0.5337,108.04,False
2023-11-29,SELL,2023-11-29T15:06:00+00:00,16142.75,16021.5,EOD,2,65.75,1.8441,482.04,False
2023-11-30,SELL,2023-11-30T15:03:00+00:00,15929.75,15967.0,EOD,1,121.75,-0.306,-75.98,False
2023-12-01,BUY,2023-12-01T15:03:00+00:00,15949.25,15875.5,STOP,2,73.75,-1.0,-297.96,False
2023-12-04,SELL,2023-12-04T15:16:00+00:00,15816.0,15876.5,STOP,2,60.5,-1.0,-244.96,False
2023-12-05,BUY,2023-12-05T15:02:00+00:00,15897.25,15895.75,EOD,1,114.0,-0.0132,-4.48,False
2023-12-06,SELL,2023-12-06T15:02:00+00:00,15919.25,15811.75,EOD,1,118.5,0.9072,213.52,False
2023-12-07,BUY,2023-12-07T15:22:00+00:00,15991.25,16042.0,EOD,1,103.75,0.4892,100.02,False
2023-12-08,BUY,2023-12-08T15:02:00+00:00,16033.0,16102.75,EOD,1,85.75,0.8134,138.02,False
2023-12-11,BUY,2023-12-11T15:06:00+00:00,16166.75,16230.0,EOD,1,98.0,0.6454,125.02,False
2023-12-12,BUY,2023-12-12T15:02:00+00:00,16259.75,16347.0,EOD,2,74.5,1.1711,346.04,False
2023-12-13,SELL,2023-12-13T17:04:00+00:00,16594.5,16657.25,STOP,2,62.75,-1.0,-253.96,False
2023-12-14,SELL,2023-12-14T15:06:00+00:00,16807.25,16739.5,EOD,2,70.0,0.9679,268.04,False
2023-12-15,BUY,2023-12-15T15:16:00+00:00,16847.0,16780.0,STOP,2,67.0,-1.0,-270.96,False
2023-12-18,BUY,2023-12-18T15:03:00+00:00,16891.5,16957.25,EOD,2,59.0,1.1144,260.04,False
2023-12-19,BUY,2023-12-19T15:33:00+00:00,16997.0,17005.5,EOD,2,52.5,0.1619,31.04,False
2023-12-20,BUY,2023-12-20T15:02:00+00:00,17025.75,16971.0,STOP,2,54.75,-1.0,-221.96,False
2023-12-21,SELL,2023-12-21T15:06:00+00:00,16875.5,16958.75,STOP,1,83.25,-1.0,-167.98,False
2023-12-22,SELL,2023-12-22T16:01:00+00:00,16985.75,16979.0,EOD,2,55.75,0.1211,24.04,False
2023-12-26,BUY,2023-12-26T15:27:00+00:00,17053.0,17077.75,EOD,3,47.5,0.5211,144.06,False
2023-12-27,SELL,2023-12-27T15:12:00+00:00,17090.5,17121.75,STOP,4,31.25,-1.0,-255.92,False
2023-12-28,SELL,2023-12-28T15:06:00+00:00,17110.25,17084.25,EOD,3,48.75,0.5333,151.56,False
2023-12-29,SELL,2023-12-29T15:36:00+00:00,17071.0,16998.0,EOD,4,36.5,2.0,578.08,False
2024-01-03,SELL,2024-01-03T15:13:00+00:00,16573.0,16527.75,EOD,2,69.25,0.6534,178.04,False
2024-01-04,BUY,2024-01-04T15:09:00+00:00,16507.25,16448.75,EOD,2,64.0,-0.9141,-236.96,False
2024-01-05,BUY,2024-01-05T15:02:00+00:00,16513.0,16437.5,STOP,2,75.5,-1.0,-304.96,False
2024-01-08,BUY,2024-01-08T15:05:00+00:00,16641.25,16803.75,EOD,1,135.75,1.1971,323.52,False
2024-01-09,BUY,2024-01-09T15:10:00+00:00,16720.5,16829.75,EOD,2,60.0,1.8208,434.04,False
2024-01-10,SELL,2024-01-10T15:03:00+00:00,16810.5,16874.0,STOP,2,63.5,-1.0,-256.96,False
2024-01-11,SELL,2024-01-11T15:04:00+00:00,16920.5,16955.25,EOD,1,123.0,-0.2825,-70.98,False
2024-01-12,SELL,2024-01-12T15:02:00+00:00,16961.5,16973.75,EOD,1,81.0,-0.1512,-25.98,False
2024-01-15,BUY,2024-01-15T15:48:00+00:00,16968.0,16970.0,EOD,4,31.75,0.063,10.08,False
2024-01-16,BUY,2024-01-16T15:17:00+00:00,16947.0,16949.0,EOD,1,92.0,0.0217,2.52,False
2024-01-17,SELL,2024-01-17T15:02:00+00:00,16701.5,16843.0,STOP,1,141.5,-1.0,-284.48,False
2024-01-18,SELL,2024-01-18T15:04:00+00:00,16992.0,17054.25,STOP,2,62.25,-1.0,-251.96,False
2024-01-19,BUY,2024-01-19T15:02:00+00:00,17214.25,17444.5,EOD,3,48.0,4.7969,1377.06,False
2024-01-22,SELL,2024-01-22T15:29:00+00:00,17491.25,17458.25,EOD,1,93.75,0.352,64.52,False
2024-01-23,BUY,2024-01-23T18:00:00+00:00,17490.0,17532.25,EOD,1,80.5,0.5248,83.02,False
2024-01-24,BUY,2024-01-24T15:16:00+00:00,17703.25,17637.5,STOP,2,65.75,-1.0,-265.96,False
2024-01-25,SELL,2024-01-25T15:04:00+00:00,17651.75,17726.75,STOP,2,75.0,-1.0,-302.96,False
2024-01-26,SELL,2024-01-26T15:06:00+00:00,17515.75,17571.0,STOP,2,55.25,-1.0,-223.96,False
2024-01-29,SELL,2024-01-29T15:59:00+00:00,17529.75,17583.5,STOP,2,53.75,-1.0,-217.96,False
2024-01-30,SELL,2024-01-30T15:02:00+00:00,17622.25,17581.75,EOD,2,62.5,0.648,159.04,False
2024-01-31,SELL,2024-01-31T15:15:00+00:00,17336.25,17426.5,STOP,1,90.25,-1.0,-181.98,False
2024-02-01,SELL,2024-02-01T15:02:00+00:00,17283.5,17337.75,STOP,2,54.25,-1.0,-219.96,False
2024-02-05,SELL,2024-02-05T15:03:00+00:00,17676.25,17737.25,STOP,2,61.0,-1.0,-246.96,False
2024-02-06,SELL,2024-02-06T15:02:00+00:00,17644.0,17634.75,EOD,1,123.75,0.0747,17.02,False
2024-02-07,BUY,2024-02-07T15:14:00+00:00,17806.0,17835.25,EOD,1,87.25,0.3352,57.02,False
2024-02-08,BUY,2024-02-08T15:02:00+00:00,17853.25,17854.0,EOD,3,45.25,0.0166,0.06,False
2024-02-09,BUY,2024-02-09T15:17:00+00:00,17951.75,18035.75,EOD,1,76.75,1.0945,166.52,False
2024-02-12,BUY,2024-02-12T15:41:00+00:00,18052.25,18007.25,STOP,3,45.0,-1.0,-274.44,False
2024-02-13,BUY,2024-02-13T15:21:00+00:00,17689.25,17586.75,STOP,1,102.5,-1.0,-206.48,False
2024-02-14,BUY,2024-02-14T15:20:00+00:00,17825.5,17743.0,STOP,1,82.5,-1.0,-166.48,False
2024-02-15,SELL,2024-02-15T15:04:00+00:00,17800.25,17903.25,STOP,1,103.0,-1.0,-207.48,False
2024-02-19,SELL,2024-02-19T15:19:00+00:00,17780.75,17788.75,EOD,5,26.75,-0.2991,-87.4,False
2024-02-21,BUY,2024-02-21T15:05:00+00:00,17522.75,17448.25,STOP,2,74.5,-1.0,-300.96,False
2024-02-22,BUY,2024-02-22T16:19:00+00:00,17974.5,18059.25,EOD,1,110.5,0.767,168.02,False
2024-02-23,SELL,2024-02-23T15:23:00+00:00,18057.25,18008.0,EOD,1,87.5,0.5629,97.02,False
2024-02-26,BUY,2024-02-26T16:53:00+00:00,18053.5,17996.0,EOD,1,87.5,-0.6571,-116.48,False
2024-02-27,BUY,2024-02-27T15:20:00+00:00,18028.25,17941.0,STOP,1,87.25,-1.0,-175.98,False
2024-02-28,BUY,2024-02-28T16:02:00+00:00,17952.5,17897.5,EOD,1,76.5,-0.719,-111.48,False
2024-02-29,SELL,2024-02-29T15:11:00+00:00,18011.5,18072.5,STOP,2,61.0,-1.0,-246.96,False
2024-03-01,BUY,2024-03-01T15:02:00+00:00,18153.0,18336.5,EOD,2,59.25,3.097,731.04,False
2024-03-04,SELL,2024-03-04T15:06:00+00:00,18285.25,18334.75,STOP,3,49.5,-1.0,-301.44,False
2024-03-05,SELL,2024-03-05T15:09:00+00:00,18013.75,17910.0,EOD,1,121.5,0.8539,206.02,False
2024-03-06,SELL,2024-03-06T15:02:00+00:00,18033.25,18126.5,STOP,1,93.25,-1.0,-187.98,False
2024-03-07,BUY,2024-03-07T15:16:00+00:00,18229.0,18331.75,EOD,1,110.25,0.932,204.02,False
2024-03-08,BUY,2024-03-08T15:02:00+00:00,18394.5,18288.0,STOP,1,106.5,-1.0,-214.48,False
2024-03-11,SELL,2024-03-11T14:03:00+00:00,17894.75,18001.25,STOP,1,106.5,-1.0,-214.48,False
2024-03-13,SELL,2024-03-13T14:02:00+00:00,18308.75,18333.5,EOD,1,121.0,-0.2045,-50.98,False
2024-03-15,SELL,2024-03-15T14:02:00+00:00,18069.0,18054.75,EOD,1,105.5,0.1351,27.02,False
2024-03-18,BUY,2024-03-18T14:26:00+00:00,18369.75,18277.5,STOP,1,92.25,-1.0,-185.98,False
2024-03-19,BUY,2024-03-19T15:33:00+00:00,18153.25,18279.0,EOD,1,100.0,1.2575,250.02,False
2024-03-20,BUY,2024-03-20T18:02:00+00:00,18355.25,18455.25,EOD,1,109.5,0.9132,198.52,False
2024-03-21,SELL,2024-03-21T15:08:00+00:00,18618.5,18574.5,EOD,1,90.5,0.4862,86.52,False
2024-03-22,BUY,2024-03-22T14:03:00+00:00,18546.0,18597.25,EOD,3,46.0,1.1141,303.06,False
2024-03-25,BUY,2024-03-25T14:09:00+00:00,18495.0,18518.75,EOD,1,80.25,0.296,46.02,False
2024-03-26,BUY,2024-03-26T14:02:00+00:00,18599.75,18550.0,STOP,3,49.75,-1.0,-302.94,False
2024-03-27,SELL,2024-03-27T14:02:00+00:00,18426.0,18500.5,EOD,1,145.75,-0.5111,-150.48,False
2024-03-28,SELL,2024-03-28T17:18:00+00:00,18456.5,18482.0,EOD,1,80.5,-0.3168,-52.48,False
2024-04-01,SELL,2024-04-01T14:52:00+00:00,18475.25,18498.0,EOD,1,131.75,-0.1727,-46.98,False
2024-04-02,SELL,2024-04-02T14:13:00+00:00,18218.75,18292.0,STOP,2,73.25,-1.0,-295.96,False
2024-04-03,BUY,2024-04-03T14:02:00+00:00,18337.75,18369.75,EOD,1,98.25,0.3257,62.52,False
2024-04-04,SELL,2024-04-04T14:23:00+00:00,18499.25,18123.0,EOD,2,68.75,5.4727,1502.04,False
2024-04-05,BUY,2024-04-05T14:13:00+00:00,18250.75,18325.75,EOD,1,148.25,0.5059,148.52,False
2024-04-08,BUY,2024-04-08T14:30:00+00:00,18340.0,18297.5,EOD,1,102.5,-0.4146,-86.48,False
2024-04-09,SELL,2024-04-09T14:09:00+00:00,18334.5,18320.25,EOD,2,70.5,0.2021,54.04,False
2024-04-10,BUY,2024-04-10T14:39:00+00:00,18223.75,18206.25,EOD,1,116.0,-0.1509,-36.48,False
2024-04-11,SELL,2024-04-11T14:12:00+00:00,18211.75,18274.0,STOP,2,62.25,-1.0,-251.96,False
2024-04-12,SELL,2024-04-12T14:09:00+00:00,18274.0,18170.25,EOD,2,69.25,1.4982,412.04,False
2024-04-15,SELL,2024-04-15T14:09:00+00:00,18251.0,17889.0,EOD,1,88.0,4.1136,722.52,False
2024-04-16,BUY,2024-04-16T14:15:00+00:00,17912.75,17822.0,STOP,1,90.75,-1.0,-182.98,False
2024-04-17,SELL,2024-04-17T14:03:00+00:00,17865.25,17700.25,EOD,1,94.25,1.7507,328.52,False
2024-04-18,BUY,2024-04-18T14:36:00+00:00,17685.0,17552.0,STOP,1,133.0,-1.0,-267.48,False
2024-04-19,SELL,2024-04-19T14:12:00+00:00,17417.0,17183.0,EOD,1,100.0,2.34,466.52,False
2024-04-22,SELL,2024-04-22T14:18:00+00:00,17262.0,17331.5,STOP,2,69.5,-1.0,-280.96,False
2024-04-23,BUY,2024-04-23T14:21:00+00:00,17539.25,17609.0,EOD,1,125.5,0.5558,138.02,False
2024-04-24,SELL,2024-04-24T14:40:00+00:00,17710.25,17667.0,EOD,1,85.25,0.5073,85.02,False
2024-04-25,BUY,2024-04-25T14:11:00+00:00,17384.75,17550.25,EOD,2,76.5,2.1634,659.04,False
2024-04-26,BUY,2024-04-26T14:04:00+00:00,17811.25,17857.5,EOD,1,143.0,0.3234,91.02,False
2024-04-29,SELL,2024-04-29T19:04:00+00:00,17816.5,17894.25,EOD,1,132.5,-0.5868,-156.98,False
2024-04-30,SELL,2024-04-30T14:31:00+00:00,17822.75,17629.25,EOD,2,65.0,2.9769,771.04,False
2024-05-01,SELL,2024-05-01T14:05:00+00:00,17448.25,17517.5,STOP,2,69.25,-1.0,-279.96,False
2024-05-02,SELL,2024-05-02T14:02:00+00:00,17452.0,17602.5,STOP,1,150.5,-1.0,-302.48,False
2024-05-03,SELL,2024-05-03T14:21:00+00:00,17912.5,18018.75,STOP,1,106.25,-1.0,-213.98,False
2024-05-06,BUY,2024-05-06T14:07:00+00:00,18113.25,18176.25,EOD,2,70.5,0.8936,249.04,False
2024-05-07,BUY,2024-05-07T14:56:00+00:00,18237.25,18188.0,STOP,3,49.25,-1.0,-299.94,False
2024-05-08,BUY,2024-05-08T14:07:00+00:00,18176.0,18184.0,EOD,1,97.5,0.0821,14.52,False
2024-05-09,BUY,2024-05-09T14:39:00+00:00,18207.5,18207.5,EOD,1,98.75,0.0,-1.48,False
2024-05-10,SELL,2024-05-10T14:20:00+00:00,18252.75,18265.0,EOD,1,95.25,-0.1286,-25.98,False
2024-05-13,SELL,2024-05-13T17:11:00+00:00,18249.5,18296.25,EOD,1,86.75,-0.5389,-94.98,False
2024-05-14,BUY,2024-05-14T14:24:00+00:00,18330.0,18430.5,EOD,2,64.5,1.5581,399.04,False
2024-05-15,BUY,2024-05-15T14:21:00+00:00,18532.75,18693.5,EOD,1,86.0,1.8692,320.02,False
2024-05-16,BUY,2024-05-16T14:24:00+00:00,18717.25,18672.0,STOP,3,45.25,-1.0,-275.94,False
2024-05-17,BUY,2024-05-17T14:34:00+00:00,18670.75,18620.5,STOP,3,50.25,-1.0,-305.94,False
2024-05-20,BUY,2024-05-20T14:42:00+00:00,18757.5,18749.0,EOD,1,122.25,-0.0695,-18.48,False
2024-05-21,BUY,2024-05-21T14:04:00+00:00,18722.5,18800.0,EOD,3,44.5,1.7416,460.56,False
2024-05-22,BUY,2024-05-22T15:06:00+00:00,18834.0,18788.75,STOP,3,45.25,-1.0,-275.94,False
2024-05-23,SELL,2024-05-23T14:55:00+00:00,18834.0,18704.5,EOD,1,148.5,0.8721,257.52,False
2024-05-24,BUY,2024-05-24T14:07:00+00:00,18796.75,18868.5,EOD,2,64.25,1.1167,284.04,False
2024-05-27,SELL,2024-05-27T14:08:00+00:00,18877.5,18911.0,STOP,4,33.5,-1.0,-273.92,False
2024-05-28,BUY,2024-05-28T16:46:00+00:00,18938.0,18839.0,STOP,1,99.0,-1.0,-199.48,False
2024-05-29,BUY,2024-05-29T14:25:00+00:00,18856.75,18792.25,EOD,1,95.75,-0.6736,-130.48,False
2024-05-30,SELL,2024-05-30T14:14:00+00:00,18695.75,18614.5,EOD,2,73.75,1.1017,322.04,False
2024-05-31,SELL,2024-05-31T14:02:00+00:00,18523.25,18557.25,EOD,1,108.25,-0.3141,-69.48,False
2024-06-03,SELL,2024-06-03T14:37:00+00:00,18651.25,18604.5,EOD,1,104.25,0.4484,92.02,False
2024-06-04,BUY,2024-06-04T14:02:00+00:00,18659.5,18579.5,STOP,1,80.0,-1.0,-161.48,False
2024-06-05,BUY,2024-06-05T14:24:00+00:00,18868.75,19065.5,EOD,2,55.0,3.5773,784.04,False
2024-06-06,SELL,2024-06-06T18:10:00+00:00,19025.5,19064.75,EOD,1,90.25,-0.4349,-79.98,False
2024-06-07,BUY,2024-06-07T14:38:00+00:00,19065.75,19033.5,EOD,2,73.25,-0.4403,-131.96,False
2024-06-10,BUY,2024-06-10T14:23:00+00:00,19029.25,19101.5,EOD,3,51.5,1.4029,429.06,False
2024-06-11,BUY,2024-06-11T14:32:00+00:00,19088.5,19220.75,EOD,1,94.0,1.4069,263.02,False
2024-06-12,BUY,2024-06-12T14:15:00+00:00,19509.5,19495.5,EOD,1,134.75,-0.1039,-29.48,False
2024-06-13,SELL,2024-06-13T14:11:00+00:00,19612.5,19609.75,EOD,3,51.0,0.0539,12.06,False
2024-06-14,BUY,2024-06-14T14:25:00+00:00,19647.5,19654.5,EOD,1,90.25,0.0776,12.52,False
2024-06-17,BUY,2024-06-17T14:11:00+00:00,19712.0,19934.5,EOD,2,71.5,3.1119,887.04,False
2024-06-18,SELL,2024-06-18T14:46:00+00:00,19883.75,19944.25,STOP,2,60.5,-1.0,-244.96,False
2024-06-19,SELL,2024-06-19T14:31:00+00:00,20234.5,20231.0,EOD,9,18.0,0.1944,49.68,False
2024-06-20,SELL,2024-06-20T14:10:00+00:00,20191.25,20064.5,EOD,2,72.0,1.7604,504.04,False
2024-06-21,BUY,2024-06-21T15:20:00+00:00,20033.75,20002.0,EOD,1,119.5,-0.2657,-64.98,False
2024-06-24,BUY,2024-06-24T14:02:00+00:00,19986.0,19866.75,STOP,1,119.25,-1.0,-239.98,False
2024-06-25,BUY,2024-06-25T14:03:00+00:00,19858.25,19954.75,EOD,2,66.0,1.4621,383.04,False
2024-06-26,BUY,2024-06-26T14:07:00+00:00,20003.5,19919.25,STOP,1,84.25,-1.0,-169.98,False
2024-06-27,BUY,2024-06-27T14:15:00+00:00,20110.75,19989.75,STOP,1,121.0,-1.0,-243.48,False
2024-06-28,BUY,2024-06-28T14:02:00+00:00,20183.5,20039.25,STOP,1,144.25,-1.0,-289.98,False
2024-07-01,SELL,2024-07-01T14:14:00+00:00,19834.0,19985.75,STOP,1,151.75,-1.0,-304.98,False
2024-07-02,BUY,2024-07-02T14:51:00+00:00,20105.0,20235.75,EOD,1,128.25,1.0195,260.02,False
2024-07-03,BUY,2024-07-03T14:17:00+00:00,20288.25,20419.5,EOD,2,72.25,1.8166,522.04,False
2024-07-04,SELL,2024-07-04T14:06:00+00:00,20381.75,20381.25,EOD,6,24.5,0.0204,-2.88,False
2024-07-05,BUY,2024-07-05T14:02:00+00:00,20541.25,20637.25,EOD,1,113.0,0.8496,190.52,False
2024-07-08,SELL,2024-07-08T14:37:00+00:00,20596.0,20653.5,STOP,2,57.5,-1.0,-232.96,False
2024-07-09,SELL,2024-07-09T14:25:00+00:00,20718.25,20679.0,EOD,3,46.25,0.8486,231.06,False
2024-07-10,BUY,2024-07-10T14:06:00+00:00,20778.75,20721.5,STOP,2,57.25,-1.0,-231.96,False
2024-07-11,SELL,2024-07-11T14:10:00+00:00,20814.75,20446.75,EOD,1,87.5,4.2057,734.52,False
2024-07-12,BUY,2024-07-12T14:02:00+00:00,20561.75,20564.25,EOD,1,136.5,0.0183,3.52,False
2024-07-15,BUY,2024-07-15T14:10:00+00:00,20668.25,20581.75,STOP,1,86.5,-1.0,-174.48,False
2024-07-16,SELL,2024-07-16T14:02:00+00:00,20561.25,20604.25,EOD,1,123.25,-0.3489,-87.48,False
2024-07-17,SELL,2024-07-17T14:02:00+00:00,20179.25,20033.5,EOD,1,102.25,1.4254,290.02,False
2024-07-18,SELL,2024-07-18T14:32:00+00:00,19993.75,19866.0,EOD,1,155.5,0.8215,254.02,False
2024-07-19,SELL,2024-07-19T14:28:00+00:00,19814.25,19704.25,EOD,1,162.25,0.678,218.52,False
2024-07-22,SELL,2024-07-22T15:20:00+00:00,19880.5,20026.75,STOP,1,146.25,-1.0,-293.98,False
2024-07-23,BUY,2024-07-23T14:22:00+00:00,20042.5,19933.5,STOP,1,109.0,-1.0,-219.48,False
2024-07-24,SELL,2024-07-24T14:02:00+00:00,19495.25,19181.75,EOD,1,158.5,1.9779,625.52,False
2024-07-26,SELL,2024-07-26T14:10:00+00:00,19059.25,19166.25,STOP,1,107.0,-1.0,-215.48,False
2024-07-29,BUY,2024-07-29T14:02:00+00:00,19370.5,19222.0,STOP,1,148.5,-1.0,-298.48,False
2024-07-30,SELL,2024-07-30T14:02:00+00:00,19181.75,18976.75,EOD,1,138.0,1.4855,408.52,False
2024-07-31,BUY,2024-07-31T14:02:00+00:00,19420.75,19507.25,EOD,1,110.0,0.7864,171.52,False
2024-08-07,SELL,2024-08-07T14:29:00+00:00,18421.75,17993.75,EOD,1,136.75,3.1298,854.52,False
2024-08-09,BUY,2024-08-09T14:13:00+00:00,18548.0,18589.25,EOD,1,124.75,0.3307,81.02,False
2024-08-12,BUY,2024-08-12T14:17:00+00:00,18673.5,18612.0,EOD,1,150.0,-0.41,-124.48,False
2024-08-13,BUY,2024-08-13T14:05:00+00:00,18913.25,19078.0,EOD,1,97.0,1.6985,328.02,False
2024-08-15,BUY,2024-08-15T14:02:00+00:00,19476.0,19559.0,EOD,1,139.75,0.5939,164.52,False
2024-08-16,BUY,2024-08-16T14:04:00+00:00,19537.75,19595.75,EOD,2,75.25,0.7708,229.04,False
2024-08-19,SELL,2024-08-19T14:20:00+00:00,19534.25,19624.25,STOP,1,90.0,-1.0,-181.48,False
2024-08-20,SELL,2024-08-20T14:28:00+00:00,19815.75,19827.0,EOD,1,109.25,-0.103,-23.98,False
2024-08-21,BUY,2024-08-21T14:03:00+00:00,19889.75,19813.0,STOP,2,76.75,-1.0,-309.96,False
2024-08-22,SELL,2024-08-22T14:08:00+00:00,19938.5,19571.5,EOD,1,86.75,4.2305,732.52,False
2024-08-23,BUY,2024-08-23T14:02:00+00:00,19835.25,19706.5,STOP,1,128.75,-1.0,-258.98,False
2024-08-26,SELL,2024-08-26T14:02:00+00:00,19706.5,19586.5,EOD,1,95.0,1.2632,238.52,False
2024-08-27,BUY,2024-08-27T14:11:00+00:00,19579.25,19634.0,EOD,1,137.75,0.3975,108.02,False
2024-08-28,SELL,2024-08-28T14:07:00+00:00,19530.5,19459.5,EOD,1,126.0,0.5635,140.52,False
2024-08-30,BUY,2024-08-30T14:02:00+00:00,19614.0,19514.0,STOP,1,100.0,-1.0,-201.48,False
2024-09-02,SELL,2024-09-02T14:06:00+00:00,19612.75,19645.5,STOP,5,32.75,-1.0,-334.9,False
2024-09-03,SELL,2024-09-03T14:07:00+00:00,19326.25,18973.5,EOD,1,157.0,2.2468,704.02,False
2024-09-04,BUY,2024-09-04T14:11:00+00:00,18998.5,18976.25,EOD,1,138.5,-0.1606,-45.98,False
2024-09-09,BUY,2024-09-09T14:11:00+00:00,18713.0,18604.75,STOP,1,108.25,-1.0,-217.98,False
2024-09-10,SELL,2024-09-10T14:14:00+00:00,18709.75,18821.75,STOP,1,112.0,-1.0,-225.48,False
2024-09-11,SELL,2024-09-11T14:10:00+00:00,18771.75,18906.5,STOP,1,134.75,-1.0,-270.98,False
2024-09-12,BUY,2024-09-12T14:13:00+00:00,19296.0,19417.5,EOD,1,111.0,1.0946,241.52,False
2024-09-13,BUY,2024-09-13T14:08:00+00:00,19504.25,19543.75,EOD,1,106.0,0.3726,77.52,False
2024-09-16,SELL,2024-09-16T14:35:00+00:00,19310.25,19445.5,EOD,1,153.25,-0.8825,-271.98,False
2024-09-17,BUY,2024-09-17T14:46:00+00:00,19606.0,19475.25,STOP,1,130.75,-1.0,-262.98,False
2024-09-18,SELL,2024-09-18T14:12:00+00:00,19658.75,19736.5,STOP,2,77.75,-1.0,-313.96,False
2024-09-19,BUY,2024-09-19T14:19:00+00:00,20081.75,20091.5,EOD,1,117.75,0.0828,18.02,False
2024-09-20,SELL,2024-09-20T14:12:00+00:00,19988.75,20082.5,STOP,1,93.75,-1.0,-188.98,False
2024-09-23,BUY,2024-09-23T14:24:00+00:00,20109.25,20031.25,STOP,2,78.0,-1.0,-314.96,False
2024-09-24,SELL,2024-09-24T14:02:00+00:00,20042.0,20154.0,STOP,1,112.0,-1.0,-225.48,False
2024-09-25,BUY,2024-09-25T14:03:00+00:00,20237.5,20138.0,STOP,1,99.5,-1.0,-200.48,False
2024-09-26,SELL,2024-09-26T14:07:00+00:00,20397.0,20338.0,EOD,1,120.5,0.4896,116.52,False
2024-09-27,SELL,2024-09-27T14:17:00+00:00,20308.0,20235.75,EOD,2,75.0,0.9633,286.04,False
2024-09-30,SELL,2024-09-30T14:15:00+00:00,20168.25,20254.25,EOD,1,94.25,-0.9125,-173.48,False
2024-10-02,BUY,2024-10-02T14:12:00+00:00,19971.5,20030.5,EOD,1,138.0,0.4275,116.52,False
2024-10-03,BUY,2024-10-03T14:02:00+00:00,20060.75,19894.75,STOP,1,166.0,-1.0,-333.48,False
2024-10-07,BUY,2024-10-07T14:20:00+00:00,20169.25,20088.5,STOP,2,80.75,-1.0,-325.96,False
2024-10-08,BUY,2024-10-08T14:02:00+00:00,20194.0,20323.0,EOD,1,124.25,1.0382,256.52,False
2024-10-09,BUY,2024-10-09T14:12:00+00:00,20302.25,20473.75,EOD,2,63.75,2.6902,683.04,False
2024-10-10,BUY,2024-10-10T14:06:00+00:00,20397.0,20434.0,EOD,1,95.5,0.3874,72.52,False
2024-10-11,BUY,2024-10-11T14:07:00+00:00,20389.0,20471.75,EOD,2,74.25,1.1145,328.04,False
2024-10-14,SELL,2024-10-14T15:02:00+00:00,20540.75,20633.75,EOD,1,130.5,-0.7126,-187.48,False
2024-10-15,SELL,2024-10-15T14:13:00+00:00,20594.75,20333.5,EOD,2,64.5,4.0504,1042.04,False
2024-10-16,BUY,2024-10-16T18:23:00+00:00,20363.5,20347.25,EOD,1,148.25,-0.1096,-33.98,False
2024-10-18,BUY,2024-10-18T14:10:00+00:00,20514.25,20478.5,EOD,2,81.25,-0.44,-145.96,False
2024-10-21,BUY,2024-10-21T14:04:00+00:00,20509.75,20422.75,STOP,1,87.0,-1.0,-175.48,False
2024-10-22,BUY,2024-10-22T14:07:00+00:00,20504.25,20569.25,EOD,1,134.75,0.4824,128.52,False
2024-10-23,SELL,2024-10-23T14:03:00+00:00,20403.0,20199.25,EOD,2,59.75,3.41,812.04,False
2024-10-24,SELL,2024-10-24T15:48:00+00:00,20290.75,20376.25,STOP,2,85.5,-1.0,-344.96,False
2024-10-28,SELL,2024-10-28T15:59:00+00:00,20525.0,20517.0,EOD,1,101.75,0.0786,14.52,False
2024-10-29,BUY,2024-10-29T14:04:00+00:00,20532.0,20711.75,EOD,1,99.75,1.802,358.02,False
2024-10-30,BUY,2024-10-30T14:13:00+00:00,20669.75,20542.75,STOP,1,127.0,-1.0,-255.48,False
2024-11-01,BUY,2024-11-01T14:08:00+00:00,20182.25,20159.25,EOD,1,124.75,-0.1844,-47.48,False
2024-11-04,BUY,2024-11-04T15:02:00+00:00,20145.25,20099.75,EOD,1,132.25,-0.344,-92.48,False
2024-11-05,BUY,2024-11-05T15:02:00+00:00,20307.5,20322.0,EOD,1,160.5,0.0903,27.52,False
2024-11-07,BUY,2024-11-07T15:06:00+00:00,21122.25,21212.0,EOD,1,118.25,0.759,178.02,False
2024-11-08,SELL,2024-11-08T15:11:00+00:00,21168.5,21232.25,STOP,2,63.75,-1.0,-257.96,False
2024-11-11,SELL,2024-11-11T15:02:00+00:00,21162.0,21197.5,EOD,1,130.75,-0.2715,-72.48,False
2024-11-12,SELL,2024-11-12T16:10:00+00:00,21181.25,21187.5,EOD,2,70.5,-0.0887,-27.96,False
2024-11-13,SELL,2024-11-13T15:02:00+00:00,21114.0,21184.5,STOP,2,70.5,-1.0,-284.96,False
2024-11-14,SELL,2024-11-14T15:20:00+00:00,21040.75,21006.0,EOD,1,134.0,0.2593,68.02,False
2024-11-15,SELL,2024-11-15T15:02:00+00:00,20674.25,20500.5,EOD,1,99.5,1.7462,346.02,False
2024-11-18,BUY,2024-11-18T15:05:00+00:00,20586.75,20617.0,EOD,2,85.75,0.3528,118.04,False
2024-11-19,BUY,2024-11-19T15:30:00+00:00,20602.5,20752.75,EOD,1,94.5,1.5899,299.02,False
2024-11-20,SELL,2024-11-20T15:03:00+00:00,20611.75,20738.5,EOD,1,144.25,-0.8787,-254.98,False
2024-11-22,SELL,2024-11-22T15:12:00+00:00,20762.0,20873.0,STOP,1,111.0,-1.0,-223.48,False
2024-11-25,SELL,2024-11-25T15:03:00+00:00,20914.5,20875.25,EOD,1,166.5,0.2357,77.02,False
2024-11-26,SELL,2024-11-26T15:18:00+00:00,20933.0,20989.25,EOD,1,91.75,-0.6131,-113.98,False
2024-11-27,SELL,2024-11-27T15:02:00+00:00,20829.0,20797.75,EOD,1,110.5,0.2828,61.02,False
2024-11-28,BUY,2024-11-28T15:22:00+00:00,20898.5,20890.0,EOD,7,24.5,-0.3469,-129.36,False
2024-11-29,BUY,2024-11-29T15:02:00+00:00,20921.0,20991.25,EOD,1,115.5,0.6082,139.02,False
2024-12-02,BUY,2024-12-02T15:04:00+00:00,21172.25,21214.75,EOD,1,145.75,0.2916,83.52,False
2024-12-03,BUY,2024-12-03T15:02:00+00:00,21221.75,21270.25,EOD,1,87.5,0.5543,95.52,False
2024-12-04,BUY,2024-12-04T15:11:00+00:00,21450.0,21541.25,EOD,2,61.75,1.4777,362.04,False
2024-12-05,SELL,2024-12-05T15:52:00+00:00,21494.25,21551.5,STOP,3,57.25,-1.0,-347.94,False
2024-12-06,BUY,2024-12-06T15:02:00+00:00,21615.75,21652.0,EOD,1,129.75,0.2794,71.02,False
2024-12-09,SELL,2024-12-09T15:27:00+00:00,21573.75,21463.75,EOD,2,75.0,1.4667,437.04,False
2024-12-10,BUY,2024-12-10T15:09:00+00:00,21597.5,21505.5,STOP,1,92.0,-1.0,-185.48,False
2024-12-11,BUY,2024-12-11T15:06:00+00:00,21705.5,21793.25,EOD,1,132.5,0.6623,174.02,False
2024-12-12,SELL,2024-12-12T15:10:00+00:00,21650.5,21696.75,STOP,3,46.25,-1.0,-281.94,False
2024-12-13,SELL,2024-12-13T15:41:00+00:00,21759.5,21795.5,EOD,1,148.5,-0.2424,-73.48,False
2024-12-16,BUY,2024-12-16T15:02:00+00:00,21984.0,22104.75,EOD,1,88.0,1.3722,240.02,False
2024-12-17,SELL,2024-12-17T15:04:00+00:00,21971.5,22062.25,STOP,1,90.75,-1.0,-182.98,False
2024-12-18,BUY,2024-12-18T15:06:00+00:00,22006.5,21913.25,STOP,1,93.25,-1.0,-187.98,False
2024-12-19,SELL,2024-12-19T15:02:00+00:00,21549.75,21376.5,EOD,1,148.0,1.1706,345.02,False
2024-12-20,BUY,2024-12-20T15:06:00+00:00,21317.5,21568.0,EOD,1,157.0,1.5955,499.52,False
2024-12-23,SELL,2024-12-23T15:09:00+00:00,21534.0,21675.5,STOP,1,141.5,-1.0,-284.48,False
2024-12-24,BUY,2024-12-24T15:02:00+00:00,21915.75,22046.5,EOD,1,116.5,1.1223,260.02,False
2024-12-26,BUY,2024-12-26T15:39:00+00:00,22009.75,22036.0,EOD,1,139.5,0.1882,51.02,False
2024-12-30,SELL,2024-12-30T15:03:00+00:00,21283.5,21416.0,STOP,1,132.5,-1.0,-266.48,False
2024-12-31,SELL,2024-12-31T15:09:00+00:00,21359.5,21211.75,EOD,1,129.0,1.1453,294.02,False
2025-01-03,SELL,2025-01-03T15:22:00+00:00,21270.0,21434.5,STOP,1,164.5,-1.0,-330.48,False
2025-01-06,BUY,2025-01-06T15:15:00+00:00,21853.0,21723.5,STOP,1,129.5,-1.0,-260.48,False
2025-01-08,BUY,2025-01-08T15:03:00+00:00,21392.75,21286.0,STOP,1,106.75,-1.0,-214.98,False
2025-01-13,BUY,2025-01-13T15:07:00+00:00,20850.5,20935.5,EOD,1,148.5,0.5724,168.52,False
2025-01-16,SELL,2025-01-16T15:02:00+00:00,21354.0,21291.75,EOD,1,144.0,0.4323,123.02,False
2025-01-17,BUY,2025-01-17T18:13:00+00:00,21656.25,21626.5,EOD,1,169.25,-0.1758,-60.98,False
2025-01-20,SELL,2025-01-20T15:17:00+00:00,21709.75,21683.0,EOD,2,69.0,0.3877,104.04,False
2025-01-21,SELL,2025-01-21T15:12:00+00:00,21565.75,21718.25,STOP,1,152.5,-1.0,-306.48,False
2025-01-22,BUY,2025-01-22T15:13:00+00:00,22032.25,22015.75,EOD,1,129.75,-0.1272,-34.48,False
2025-01-23,BUY,2025-01-23T15:35:00+00:00,21920.75,22005.75,EOD,3,54.75,1.5525,505.56,False
2025-01-24,SELL,2025-01-24T15:21:00+00:00,21995.25,21897.5,EOD,2,83.0,1.1777,388.04,False
2025-01-29,SELL,2025-01-29T15:29:00+00:00,21491.75,21527.25,EOD,1,114.5,-0.31,-72.48,False
2025-01-30,SELL,2025-01-30T15:04:00+00:00,21578.25,21624.5,EOD,1,170.5,-0.2713,-93.98,False
2025-01-31,BUY,2025-01-31T15:02:00+00:00,21893.25,21765.0,STOP,1,128.25,-1.0,-257.98,False
2025-02-03,SELL,2025-02-03T15:03:00+00:00,21159.0,21314.5,STOP,1,155.5,-1.0,-312.48,False
2025-02-05,SELL,2025-02-05T15:05:00+00:00,21517.25,21591.5,STOP,2,74.25,-1.0,-299.96,False
2025-02-06,BUY,2025-02-06T15:12:00+00:00,21829.25,21738.25,STOP,1,91.0,-1.0,-183.48,False
2025-02-07,SELL,2025-02-07T15:02:00+00:00,21819.5,21603.0,EOD,1,148.5,1.4579,431.52,False
2025-02-10,BUY,2025-02-10T15:02:00+00:00,21813.75,21852.75,EOD,2,69.75,0.5591,153.04,False
2025-02-11,BUY,2025-02-11T15:02:00+00:00,21813.25,21779.5,EOD,1,112.5,-0.3,-68.98,False
2025-02-12,BUY,2025-02-12T15:23:00+00:00,21703.0,21795.0,EOD,1,166.75,0.5517,182.52,False
2025-02-13,BUY,2025-02-13T15:17:00+00:00,21953.5,22096.25,EOD,1,118.75,1.2021,284.02,False
2025-02-14,BUY,2025-02-14T15:10:00+00:00,22144.5,22214.25,EOD,3,54.5,1.2798,414.06,False
2025-02-17,BUY,2025-02-17T16:04:00+00:00,22245.25,22235.25,EOD,3,52.75,-0.1896,-64.44,False
2025-02-18,SELL,2025-02-18T15:02:00+00:00,22156.0,22192.25,EOD,1,112.0,-0.3237,-73.98,False
2025-02-19,SELL,2025-02-19T15:03:00+00:00,22150.75,22221.5,STOP,2,70.75,-1.0,-285.96,False
2025-02-21,SELL,2025-02-21T15:07:00+00:00,22073.25,21700.25,EOD,1,114.75,3.2505,744.52,False
2025-02-26,BUY,2025-02-26T15:04:00+00:00,21313.5,21189.0,STOP,1,124.5,-1.0,-250.48,False
2025-03-06,BUY,2025-03-06T15:04:00+00:00,20354.75,20228.25,STOP,1,126.5,-1.0,-254.48,False
2025-03-10,SELL,2025-03-10T14:02:00+00:00,19736.25,19431.0,EOD,1,168.25,1.8143,609.02,False
2025-03-14,BUY,2025-03-14T15:01:00+00:00,19624.5,19730.75,EOD,1,173.75,0.6115,211.02,False
2025-03-17,SELL,2025-03-17T14:59:00+00:00,19680.0,19847.75,STOP,1,167.75,-1.0,-336.98,False
2025-03-19,BUY,2025-03-19T14:02:00+00:00,19648.0,19773.5,EOD,1,143.75,0.873,249.52,False
2025-03-21,BUY,2025-03-21T14:24:00+00:00,19757.0,19911.25,EOD,1,149.5,1.0318,307.02,False
2025-03-24,BUY,2025-03-24T14:24:00+00:00,20340.5,20397.75,EOD,1,111.25,0.5146,113.02,False
2025-03-25,BUY,2025-03-25T14:16:00+00:00,20435.5,20482.0,EOD,2,73.75,0.6305,183.04,False
2025-03-26,SELL,2025-03-26T14:13:00+00:00,20300.75,20124.5,EOD,1,174.25,1.0115,351.02,False
2025-03-27,BUY,2025-03-27T14:07:00+00:00,20091.5,20005.5,EOD,1,154.25,-0.5575,-173.48,False
2025-03-28,SELL,2025-03-28T14:04:00+00:00,19838.5,19470.25,EOD,1,103.0,3.5752,735.02,False
2025-04-01,SELL,2025-04-01T14:09:00+00:00,19330.0,19462.5,STOP,1,132.5,-1.0,-266.48,False
2025-04-03,SELL,2025-04-03T14:07:00+00:00,18909.5,18724.25,EOD,1,164.75,1.1244,369.02,False
2025-04-15,BUY,2025-04-15T14:12:00+00:00,19128.25,18968.5,STOP,1,159.75,-1.0,-320.98,False
2025-04-17,SELL,2025-04-17T14:21:00+00:00,18365.0,18509.5,STOP,1,144.5,-1.0,-290.48,False
2025-04-22,BUY,2025-04-22T14:02:00+00:00,18257.25,18370.75,EOD,1,156.75,0.7241,225.52,False
2025-04-25,BUY,2025-04-25T14:10:00+00:00,19376.25,19235.75,STOP,1,140.5,-1.0,-282.48,False
2025-04-28,SELL,2025-04-28T15:07:00+00:00,19444.75,19561.5,EOD,1,178.25,-0.655,-234.98,False
2025-04-29,BUY,2025-04-29T14:06:00+00:00,19570.75,19662.5,EOD,1,167.0,0.5494,182.02,False
2025-05-01,BUY,2025-05-01T14:29:00+00:00,20003.5,19945.5,EOD,1,143.5,-0.4042,-117.48,False
2025-05-02,BUY,2025-05-02T14:06:00+00:00,20129.0,20197.0,EOD,1,109.25,0.6224,134.52,False
2025-05-05,BUY,2025-05-05T14:02:00+00:00,20105.0,20056.75,EOD,1,119.75,-0.4029,-97.98,False
2025-05-06,BUY,2025-05-06T14:20:00+00:00,19868.0,19920.0,EOD,1,121.0,0.4298,102.52,False
2025-05-07,BUY,2025-05-07T14:11:00+00:00,19949.0,19857.5,STOP,1,91.5,-1.0,-184.48,False
2025-05-08,SELL,2025-05-08T14:12:00+00:00,20042.5,20174.0,STOP,1,131.5,-1.0,-264.48,False
2025-05-09,SELL,2025-05-09T14:21:00+00:00,20198.0,20165.5,EOD,2,81.75,0.3976,127.04,False
2025-05-13,BUY,2025-05-13T14:02:00+00:00,21132.25,21281.25,EOD,1,159.5,0.9342,296.52,False
2025-05-14,BUY,2025-05-14T16:33:00+00:00,21409.75,21388.0,EOD,1,136.0,-0.1599,-44.98,False
2025-05-15,BUY,2025-05-15T15:04:00+00:00,21354.75,21378.0,EOD,1,107.0,0.2173,45.02,False
2025-05-16,SELL,2025-05-16T14:36:00+00:00,21383.5,21470.0,STOP,2,86.5,-1.0,-348.96,False
2025-05-20,BUY,2025-05-20T14:41:00+00:00,21442.0,21354.75,STOP,2,87.25,-1.0,-351.96,False
2025-05-21,BUY,2025-05-21T14:09:00+00:00,21404.75,21277.0,STOP,1,127.75,-1.0,-256.98,False
2025-05-23,BUY,2025-05-23T14:13:00+00:00,20978.5,20980.25,EOD,1,156.0,0.0112,2.02,False
2025-05-26,SELL,2025-05-26T14:31:00+00:00,21248.0,21283.5,EOD,3,59.75,-0.5941,-217.44,False
2025-05-27,BUY,2025-05-27T14:02:00+00:00,21327.0,21450.5,EOD,1,134.25,0.9199,245.52,False
2025-05-28,SELL,2025-05-28T14:22:00+00:00,21445.5,21372.75,EOD,1,122.0,0.5963,144.02,False
2025-05-30,BUY,2025-05-30T14:38:00+00:00,21396.25,21234.75,STOP,1,161.5,-1.0,-324.48,False
2025-06-03,BUY,2025-06-03T14:02:00+00:00,21614.75,21699.25,EOD,1,105.0,0.8048,167.52,False
2025-06-04,SELL,2025-06-04T14:04:00+00:00,21702.5,21793.25,STOP,1,90.75,-1.0,-182.98,False
2025-06-05,BUY,2025-06-05T14:47:00+00:00,21856.0,21691.5,STOP,1,164.5,-1.0,-330.48,False
2025-06-06,SELL,2025-06-06T15:21:00+00:00,21758.0,21864.25,STOP,1,106.25,-1.0,-213.98,False
2025-06-09,BUY,2025-06-09T14:10:00+00:00,21823.0,21823.25,EOD,2,72.25,0.0035,-1.96,False
2025-06-10,SELL,2025-06-10T15:33:00+00:00,21796.5,21893.25,STOP,1,96.75,-1.0,-194.98,False
2025-06-11,BUY,2025-06-11T14:24:00+00:00,22026.5,21915.75,STOP,1,110.75,-1.0,-222.98,False
2025-06-12,BUY,2025-06-12T14:08:00+00:00,21894.0,21907.25,EOD,2,75.5,0.1755,50.04,False
2025-06-13,SELL,2025-06-13T14:21:00+00:00,21655.75,21794.75,STOP,1,139.0,-1.0,-279.48,False
2025-06-16,BUY,2025-06-16T14:02:00+00:00,21950.25,21939.5,EOD,1,158.0,-0.068,-22.98,False
2025-06-17,BUY,2025-06-17T14:12:00+00:00,21889.5,21802.25,STOP,1,87.25,-1.0,-175.98,False
2025-06-18,BUY,2025-06-18T14:09:00+00:00,22036.5,21926.25,STOP,1,110.25,-1.0,-221.98,False
2025-06-20,SELL,2025-06-20T14:07:00+00:00,21999.75,21820.75,EOD,1,130.75,1.369,356.52,False
2025-06-24,BUY,2025-06-24T14:43:00+00:00,22338.25,22418.75,EOD,2,78.25,1.0288,319.04,False
2025-06-25,SELL,2025-06-25T14:15:00+00:00,22474.5,22437.25,EOD,2,73.75,0.5051,146.04,False
2025-06-26,BUY,2025-06-26T14:22:00+00:00,22570.5,22679.5,EOD,1,94.5,1.1534,216.52,False
2025-06-27,BUY,2025-06-27T14:02:00+00:00,22788.75,22685.25,STOP,1,103.5,-1.0,-208.48,False
2025-06-30,SELL,2025-06-30T18:41:00+00:00,22792.75,22875.5,STOP,2,82.75,-1.0,-333.96,False
2025-07-01,BUY,2025-07-01T14:16:00+00:00,22844.0,22780.0,STOP,2,64.0,-1.0,-258.96,False
2025-07-02,BUY,2025-07-02T14:04:00+00:00,22737.25,22846.25,EOD,2,86.0,1.2674,433.04,False
2025-07-03,BUY,2025-07-03T14:02:00+00:00,23024.25,23059.0,EOD,1,94.0,0.3697,68.02,False
2025-07-04,BUY,2025-07-04T14:31:00+00:00,22938.75,22906.75,EOD,3,50.75,-0.6305,-196.44,False
2025-07-07,SELL,2025-07-07T14:57:00+00:00,22890.75,22868.5,EOD,2,86.75,0.2565,86.04,False
2025-07-08,SELL,2025-07-08T14:06:00+00:00,22875.75,22943.5,STOP,2,67.75,-1.0,-273.96,False
2025-07-09,BUY,2025-07-09T14:02:00+00:00,23104.25,22978.0,STOP,1,126.25,-1.0,-253.98,False
2025-07-10,SELL,2025-07-10T14:02:00+00:00,22925.5,23008.5,EOD,1,164.5,-0.5046,-167.48,False
2025-07-11,BUY,2025-07-11T14:08:00+00:00,22971.0,22969.5,EOD,1,108.0,-0.0139,-4.48,False
2025-07-14,BUY,2025-07-14T14:22:00+00:00,22980.25,23035.5,EOD,1,138.0,0.4004,109.02,False
2025-07-15,SELL,2025-07-15T14:53:00+00:00,23118.0,23090.5,EOD,1,104.75,0.2625,53.52,False
2025-07-16,SELL,2025-07-16T14:07:00+00:00,22952.0,23089.5,STOP,1,137.5,-1.0,-276.48,False
2025-07-17,BUY,2025-07-17T14:02:00+00:00,23171.0,23261.25,EOD,1,105.25,0.8575,179.02,False
2025-07-18,SELL,2025-07-18T14:05:00+00:00,23247.5,23224.0,EOD,2,62.5,0.376,91.04,False
2025-07-21,BUY,2025-07-21T14:03:00+00:00,23399.0,23345.5,EOD,1,143.75,-0.3722,-108.48,False
2025-07-23,SELL,2025-07-23T14:05:00+00:00,23159.0,23263.75,STOP,1,104.75,-1.0,-210.98,False
2025-07-24,SELL,2025-07-24T14:10:00+00:00,23329.0,23401.0,STOP,2,72.0,-1.0,-290.96,False
2025-07-25,BUY,2025-07-25T14:12:00+00:00,23409.25,23422.5,EOD,2,78.5,0.1688,50.04,False
2025-07-28,BUY,2025-07-28T14:09:00+00:00,23525.0,23464.75,STOP,2,60.25,-1.0,-243.96,False
2025-07-29,SELL,2025-07-29T14:07:00+00:00,23553.25,23457.0,EOD,1,99.25,0.9698,191.02,False
2025-07-30,BUY,2025-07-30T14:51:00+00:00,23527.5,23450.75,STOP,2,76.75,-1.0,-309.96,False
2025-07-31,SELL,2025-07-31T14:43:00+00:00,23604.75,23325.25,EOD,1,147.25,1.8981,557.52,False
2025-08-04,BUY,2025-08-04T14:16:00+00:00,23258.75,23290.25,EOD,1,170.0,0.1853,61.52,False
2025-08-05,SELL,2025-08-05T14:18:00+00:00,23296.75,23147.25,EOD,1,100.5,1.4876,297.52,False
2025-08-06,BUY,2025-08-06T14:04:00+00:00,23250.5,23420.0,EOD,1,102.0,1.6618,337.52,False
2025-08-07,SELL,2025-08-07T14:25:00+00:00,23564.0,23451.75,EOD,1,94.75,1.1847,223.02,False
2025-08-08,BUY,2025-08-08T14:02:00+00:00,23650.75,23711.75,EOD,1,120.75,0.5052,120.52,False
2025-08-11,BUY,2025-08-11T14:11:00+00:00,23750.75,23680.75,STOP,2,70.0,-1.0,-282.96,False
2025-08-12,SELL,2025-08-12T14:02:00+00:00,23641.75,23808.25,STOP,1,166.5,-1.0,-334.48,False
2025-08-13,SELL,2025-08-13T14:02:00+00:00,23998.25,23944.0,EOD,2,70.25,0.7722,214.04,False
2025-08-14,BUY,2025-08-14T14:31:00+00:00,23962.5,23953.5,EOD,1,121.25,-0.0742,-19.48,False
2025-08-15,SELL,2025-08-15T15:41:00+00:00,23762.25,23805.75,EOD,1,148.75,-0.2924,-88.48,False
2025-08-18,BUY,2025-08-18T14:26:00+00:00,23819.5,23735.0,STOP,2,84.5,-1.0,-340.96,False
2025-08-19,SELL,2025-08-19T14:29:00+00:00,23633.5,23442.75,EOD,1,137.0,1.3923,380.02,False
2025-08-21,BUY,2025-08-21T14:13:00+00:00,23296.0,23175.75,STOP,1,120.25,-1.0,-241.98,False
2025-08-25,BUY,2025-08-25T14:03:00+00:00,23526.75,23540.25,EOD,2,83.5,0.1617,51.04,False
2025-08-26,BUY,2025-08-26T14:11:00+00:00,23519.0,23575.5,EOD,1,92.0,0.6141,111.52,False
2025-08-27,BUY,2025-08-27T14:15:00+00:00,23566.25,23632.0,EOD,2,78.75,0.8349,260.04,False
2025-08-29,SELL,2025-08-29T14:04:00+00:00,23498.0,23429.25,EOD,1,170.0,0.4044,136.02,False
2025-09-01,BUY,2025-09-01T15:20:00+00:00,23495.25,23502.25,EOD,3,53.5,0.1308,37.56,False
2025-09-03,BUY,2025-09-03T14:08:00+00:00,23458.25,23370.0,STOP,1,88.25,-1.0,-177.98,False
2025-09-04,SELL,2025-09-04T14:03:00+00:00,23456.0,23548.25,STOP,1,92.25,-1.0,-185.98,False
2025-09-05,SELL,2025-09-05T14:02:00+00:00,23815.75,23660.5,EOD,1,86.25,1.8,309.02,False
2025-09-08,BUY,2025-09-08T14:42:00+00:00,23878.75,23771.75,STOP,1,107.0,-1.0,-215.48,False
2025-09-09,SELL,2025-09-09T14:02:00+00:00,23792.5,23857.75,STOP,2,65.25,-1.0,-263.96,False
2025-09-10,SELL,2025-09-10T17:23:00+00:00,23897.0,23869.5,EOD,1,103.5,0.2657,53.52,False
2025-09-11,BUY,2025-09-11T14:08:00+00:00,23998.5,24035.75,EOD,1,88.75,0.4197,73.02,False
2025-09-12,BUY,2025-09-12T14:22:00+00:00,24069.5,24132.75,EOD,2,68.0,0.9301,250.04,False
2025-09-15,BUY,2025-09-15T15:03:00+00:00,24263.0,24287.75,EOD,1,90.25,0.2742,48.02,False
2025-09-16,SELL,2025-09-16T15:02:00+00:00,24280.0,24303.5,EOD,2,75.75,-0.3102,-96.96,False
2025-09-17,SELL,2025-09-17T14:02:00+00:00,24218.75,24300.5,STOP,2,81.75,-1.0,-329.96,False
2025-09-18,BUY,2025-09-18T14:03:00+00:00,24716.75,24722.25,EOD,1,118.0,0.0466,9.52,False
2025-09-19,SELL,2025-09-19T15:14:00+00:00,24737.0,24817.5,STOP,2,80.5,-1.0,-324.96,False
2025-09-22,BUY,2025-09-22T14:04:00+00:00,24883.0,24999.5,EOD,2,68.75,1.6945,463.04,False
2025-09-23,SELL,2025-09-23T15:43:00+00:00,24931.75,24837.25,EOD,2,78.0,1.2115,375.04,False
2025-09-24,SELL,2025-09-24T15:11:00+00:00,24783.5,24736.0,EOD,1,115.75,0.4104,93.52,False
2025-09-25,BUY,2025-09-25T14:11:00+00:00,24581.25,24626.5,EOD,1,158.75,0.285,89.02,False
2025-09-26,BUY,2025-09-26T14:02:00+00:00,24730.0,24597.0,STOP,1,133.0,-1.0,-267.48,False
2025-09-29,BUY,2025-09-29T14:08:00+00:00,24956.5,24848.25,STOP,1,108.25,-1.0,-217.98,False
2025-09-30,BUY,2025-09-30T14:49:00+00:00,24832.75,24906.75,EOD,1,110.5,0.6697,146.52,False
2025-10-01,BUY,2025-10-01T14:19:00+00:00,24845.5,25015.0,EOD,1,119.5,1.4184,337.52,False
2025-10-02,SELL,2025-10-02T15:03:00+00:00,25009.75,25105.0,EOD,1,159.25,-0.5981,-191.98,False
2025-10-03,SELL,2025-10-03T14:02:00+00:00,25081.0,25006.5,EOD,1,87.0,0.8563,147.52,False
2025-10-06,BUY,2025-10-06T17:24:00+00:00,25224.5,25199.75,EOD,1,107.75,-0.2297,-50.98,False
2025-10-07,SELL,2025-10-07T14:28:00+00:00,25210.5,25058.75,EOD,3,54.25,2.7972,906.06,False
2025-10-08,BUY,2025-10-08T14:02:00+00:00,25207.0,25330.75,EOD,1,133.0,0.9305,246.02,False
2025-10-09,SELL,2025-10-09T14:31:00+00:00,25243.0,25285.0,EOD,1,91.75,-0.4578,-85.48,False
2025-10-10,SELL,2025-10-10T14:58:00+00:00,25263.25,24428.0,EOD,1,124.75,6.6954,1669.02,False
2025-10-13,BUY,2025-10-13T14:02:00+00:00,24896.5,24940.5,EOD,1,172.0,0.2558,86.52,False
2025-10-15,BUY,2025-10-15T14:02:00+00:00,25031.0,24897.0,STOP,1,134.0,-1.0,-269.48,False
2025-10-16,SELL,2025-10-16T14:13:00+00:00,25025.75,25125.5,STOP,1,99.75,-1.0,-200.98,False
2025-10-20,BUY,2025-10-20T14:07:00+00:00,25242.0,25328.25,EOD,1,127.25,0.6778,171.02,False
2025-10-21,SELL,2025-10-21T14:29:00+00:00,25208.75,25304.5,STOP,1,95.75,-1.0,-192.98,False
2025-10-22,SELL,2025-10-22T14:28:00+00:00,25150.0,25028.25,EOD,1,139.25,0.8743,242.02,False
2025-10-24,BUY,2025-10-24T14:13:00+00:00,25539.25,25532.25,EOD,1,109.5,-0.0639,-15.48,False
2025-10-27,BUY,2025-10-27T14:02:00+00:00,25860.0,25978.5,EOD,2,63.5,1.8661,471.04,False
2025-10-28,SELL,2025-10-28T14:33:00+00:00,26024.75,26094.75,STOP,2,70.0,-1.0,-282.96,False
2025-10-29,SELL,2025-10-29T14:51:00+00:00,26252.5,26252.25,EOD,2,67.0,0.0037,-1.96,False
2025-10-31,SELL,2025-10-31T14:05:00+00:00,26064.5,26031.5,EOD,1,135.0,0.2444,64.52,False
2025-11-03,SELL,2025-11-03T15:02:00+00:00,26110.75,26092.25,EOD,1,155.25,0.1192,35.52,False
2025-11-10,BUY,2025-11-10T15:26:00+00:00,25661.0,25525.25,STOP,1,135.75,-1.0,-272.98,False
2025-11-11,SELL,2025-11-11T15:07:00+00:00,25548.0,25646.0,STOP,1,98.0,-1.0,-197.48,False
2025-11-20,BUY,2025-11-20T15:02:00+00:00,25292.25,25146.0,STOP,1,146.25,-1.0,-293.98,False
2025-11-26,SELL,2025-11-26T15:02:00+00:00,25152.75,25280.25,STOP,1,127.5,-1.0,-256.48,False
2025-11-28,BUY,2025-11-28T16:07:00+00:00,25425.5,25484.5,EOD,1,94.5,0.6243,116.52,False
2025-12-01,BUY,2025-12-01T15:14:00+00:00,25380.25,25388.25,EOD,1,171.0,0.0468,14.52,False
2025-12-02,BUY,2025-12-02T15:02:00+00:00,25642.0,25471.25,STOP,1,170.75,-1.0,-342.98,False
2025-12-03,BUY,2025-12-03T15:03:00+00:00,25552.25,25648.0,EOD,1,122.25,0.7832,190.02,False
2025-12-05,BUY,2025-12-05T15:03:00+00:00,25811.75,25673.5,STOP,1,138.25,-1.0,-277.98,False
2025-12-08,SELL,2025-12-08T15:23:00+00:00,25718.75,25612.75,EOD,1,142.0,0.7465,210.52,False
2025-12-09,BUY,2025-12-09T15:03:00+00:00,25667.5,25695.5,EOD,1,107.5,0.2605,54.52,False
2025-12-10,SELL,2025-12-10T15:56:00+00:00,25553.5,25672.25,STOP,1,118.75,-1.0,-238.98,False
2025-12-12,SELL,2025-12-12T15:05:00+00:00,25486.25,25197.25,EOD,1,133.25,2.1689,576.52,False
2025-12-18,BUY,2025-12-18T15:29:00+00:00,25335.0,25298.25,EOD,1,173.75,-0.2115,-74.98,False
2025-12-22,SELL,2025-12-22T15:36:00+00:00,25660.25,25700.5,EOD,1,134.5,-0.2993,-81.98,False
2025-12-23,SELL,2025-12-23T15:04:00+00:00,25637.25,25751.25,STOP,1,114.0,-1.0,-229.48,False
2025-12-24,BUY,2025-12-24T15:13:00+00:00,25829.75,25864.75,EOD,3,45.75,0.765,205.56,False
2025-12-26,SELL,2025-12-26T15:02:00+00:00,25850.75,25861.5,EOD,2,84.5,-0.1272,-45.96,False
2025-12-29,SELL,2025-12-29T17:28:00+00:00,25660.75,25734.75,EOD,1,158.25,-0.4676,-149.48,False
2025-12-30,BUY,2025-12-30T16:21:00+00:00,25780.25,25688.5,EOD,1,106.0,-0.8656,-184.98,False
2025-12-31,SELL,2025-12-31T15:19:00+00:00,25569.25,25479.5,EOD,1,122.75,0.7312,178.02,False
2026-01-02,SELL,2026-01-02T15:13:00+00:00,25626.25,25378.75,EOD,1,177.5,1.3944,493.52,False
2026-01-05,BUY,2026-01-05T15:29:00+00:00,25675.75,25572.75,EOD,1,137.25,-0.7505,-207.48,False
2026-01-06,BUY,2026-01-06T15:08:00+00:00,25764.0,25832.0,EOD,1,156.0,0.4359,134.52,False
2026-01-07,BUY,2026-01-07T15:33:00+00:00,25884.0,25841.0,EOD,1,113.0,-0.3805,-87.48,False
2026-01-09,SELL,2026-01-09T15:09:00+00:00,25638.0,25790.25,STOP,1,152.25,-1.0,-305.98,False
2026-01-13,SELL,2026-01-13T15:03:00+00:00,25905.5,25889.75,EOD,1,137.25,0.1148,30.02,False
2026-01-15,SELL,2026-01-15T15:47:00+00:00,25826.5,25714.25,EOD,1,126.25,0.8891,223.02,False
2026-01-16,SELL,2026-01-16T15:02:00+00:00,25716.25,25712.5,EOD,1,174.75,0.0215,6.02,False
2026-01-19,BUY,2026-01-19T15:03:00+00:00,25326.5,25398.25,EOD,1,90.0,0.7972,142.02,False
2026-01-20,BUY,2026-01-20T15:33:00+00:00,25384.0,25233.75,STOP,1,150.25,-1.0,-301.98,False
2026-01-23,BUY,2026-01-23T15:02:00+00:00,25685.25,25734.75,EOD,1,122.75,0.4033,97.52,False
2026-01-26,BUY,2026-01-26T15:18:00+00:00,25857.0,25859.25,EOD,1,152.75,0.0147,3.02,False
2026-01-27,BUY,2026-01-27T15:03:00+00:00,26059.25,26077.75,EOD,1,142.0,0.1303,35.52,False
2026-01-28,SELL,2026-01-28T15:33:00+00:00,26211.5,26172.0,EOD,2,89.5,0.4413,155.04,False
2026-01-30,SELL,2026-01-30T15:30:00+00:00,25793.75,25657.5,EOD,1,146.25,0.9316,271.02,False
2026-02-16,BUY,2026-02-16T15:05:00+00:00,24788.0,24692.75,STOP,1,95.25,-1.0,-191.98,False
2026-02-19,BUY,2026-02-19T15:04:00+00:00,24942.5,24763.0,STOP,1,179.5,-1.0,-360.48,False
2026-02-27,BUY,2026-02-27T15:06:00+00:00,24942.75,24982.5,EOD,1,160.75,0.2473,78.02,False
2026-03-04,BUY,2026-03-04T15:02:00+00:00,24971.75,25142.25,EOD,1,145.75,1.1698,339.52,False
2026-03-06,BUY,2026-03-06T15:03:00+00:00,24769.0,24608.75,STOP,1,160.25,-1.0,-321.98,False
2026-03-10,SELL,2026-03-10T14:04:00+00:00,24931.25,25081.75,STOP,1,150.5,-1.0,-302.48,False
2026-03-11,BUY,2026-03-11T14:02:00+00:00,25148.25,25015.25,STOP,1,133.0,-1.0,-267.48,False
2026-03-16,BUY,2026-03-16T14:09:00+00:00,24747.75,24623.0,STOP,1,124.75,-1.0,-250.98,False
2026-03-17,SELL,2026-03-17T15:37:00+00:00,24737.75,24807.5,EOD,1,158.25,-0.4408,-140.98,False
2026-03-18,SELL,2026-03-18T14:14:00+00:00,24899.75,24677.5,EOD,1,98.5,2.2563,443.02,False
2026-04-01,BUY,2026-04-01T14:23:00+00:00,24204.0,24205.5,EOD,1,160.75,0.0093,1.52,False
2026-04-09,SELL,2026-04-09T14:16:00+00:00,24995.5,25111.5,STOP,1,116.0,-1.0,-233.48,False
2026-04-10,SELL,2026-04-10T14:02:00+00:00,25287.75,25369.25,STOP,2,81.5,-1.0,-328.96,False
2026-04-13,BUY,2026-04-13T14:05:00+00:00,25317.0,25521.75,EOD,1,157.0,1.3041,408.02,False
2026-04-14,BUY,2026-04-14T14:14:00+00:00,25767.0,25963.75,EOD,1,111.0,1.7725,392.02,False
2026-04-15,BUY,2026-04-15T14:03:00+00:00,26073.75,26354.25,EOD,1,91.5,3.0656,559.52,False
2026-04-16,BUY,2026-04-16T15:09:00+00:00,26454.0,26481.0,EOD,1,178.5,0.1513,52.52,False
2026-04-17,BUY,2026-04-17T14:02:00+00:00,26749.75,26815.5,EOD,1,120.25,0.5468,130.02,False
2026-04-20,SELL,2026-04-20T14:41:00+00:00,26712.0,26726.5,EOD,1,115.75,-0.1253,-30.48,False
2026-04-21,BUY,2026-04-21T14:02:00+00:00,26846.0,26726.75,STOP,1,119.25,-1.0,-239.98,False
2026-04-22,BUY,2026-04-22T14:02:00+00:00,26895.75,27084.0,EOD,2,84.25,2.2344,750.04,False
2026-04-23,BUY,2026-04-23T14:58:00+00:00,27106.0,26965.0,STOP,1,141.0,-1.0,-283.48,False
2026-04-24,BUY,2026-04-24T14:13:00+00:00,27263.0,27441.0,EOD,1,132.75,1.3409,354.52,False
2026-04-27,BUY,2026-04-27T17:34:00+00:00,27435.0,27438.75,EOD,1,136.5,0.0275,6.02,False
2026-04-29,BUY,2026-04-29T14:25:00+00:00,27244.0,27295.25,EOD,1,119.75,0.428,101.02,False
2026-05-04,BUY,2026-05-04T14:13:00+00:00,27904.5,27808.25,STOP,1,96.25,-1.0,-193.98,False
2026-05-05,BUY,2026-05-05T14:26:00+00:00,28125.25,28119.0,EOD,1,154.25,-0.0405,-13.98,False
2026-05-07,BUY,2026-05-07T14:05:00+00:00,28809.5,28708.0,STOP,1,101.5,-1.0,-204.48,False
2026-05-11,SELL,2026-05-11T14:32:00+00:00,29259.75,29434.75,STOP,1,175.0,-1.0,-351.48,False
2026-05-21,BUY,2026-05-21T14:02:00+00:00,29317.75,29174.0,STOP,1,143.75,-1.0,-288.98,False
2026-05-22,SELL,2026-05-22T14:07:00+00:00,29537.25,29715.5,STOP,1,178.25,-1.0,-357.98,False
2026-05-25,SELL,2026-05-25T14:33:00+00:00,29931.0,29962.5,EOD,2,62.75,-0.502,-128.96,False
2026-05-29,BUY,2026-05-29T14:02:00+00:00,30525.5,30364.75,STOP,1,160.75,-1.0,-322.98,False
2026-06-01,SELL,2026-06-01T14:04:00+00:00,30300.5,30467.25,STOP,1,166.75,-1.0,-334.98,False
